specialty,SubTopic,Title,Abstract,Introduction,Methods,Results,Conclusion,PMID,Ref_PMIDs,Ref_DOIs,questions,PublishedDate,HumanQuestions,HumanAnswer,Summary,TLDR,All
dị ứng và miễn dịch học,HIV,Chúng ta có nên quan tâm đến sự đồng nhiễm Plasmodium vivax và HIV không? Một đánh giá hệ thống và một loạt trường hợp từ Amazon Brazil.,"NỀN TẢNG:
Sốt rét và HIV là hai vấn đề sức khỏe cộng đồng quan trọng. Tuy nhiên, bằng chứng về đồng nhiễm HIV-Plasmodium vivax (HIV/PvCo) còn hiếm, với hầu hết thông tin có sẵn liên quan đến Plasmodium falciparum trên lục địa châu Phi. Chưa rõ liệu HIV có thể thay đổi diễn biến lâm sàng của sốt rét vivax và tăng nguy cơ biến chứng hay không. Trong nghiên cứu này, một đánh giá hệ thống về các nghiên cứu HIV/PvCo đã được thực hiện, và các trường hợp gần đây từ Amazon Brazil đã được đưa vào.

PHƯƠNG PHÁP:
Các hồ sơ y tế từ một trung tâm chăm sóc thứ cấp ở Amazon Brazil phía Tây (2009-2018) đã được xem xét để xác định các bệnh nhân HIV/PvCo nhập viện. Các đặc điểm nhân khẩu học, lâm sàng và phòng thí nghiệm cũng như kết quả được báo cáo. Ngoài ra, một đánh giá hệ thống về các nghiên cứu đã công bố về HIV/PvCo cũng được thực hiện. Dữ liệu siêu dữ liệu, số lượng trường hợp HIV/PvCo, dữ liệu nhân khẩu học, lâm sàng và kết quả đã được trích xuất.

KẾT QUẢ:
Tổng cộng có 1.048 bệnh nhân sốt rét vivax đã nhập viện trong 10 năm; 21 (2,0%) là trường hợp HIV/PvCo, trong đó 9 (42,9%) có bệnh lý xác định AIDS. Đây là lần đầu tiên mắc sốt rét ở 11 (52,4%) bệnh nhân. Bảy (33,3%) bệnh nhân không biết tình trạng HIV của họ và được chẩn đoán khi nhập viện. Sốt rét nặng được chẩn đoán ở 5 (23,8%) bệnh nhân. Một bệnh nhân đã tử vong. Tìm kiếm đánh giá hệ thống đã cung cấp 17 bài báo (12 nghiên cứu cắt ngang hoặc theo chiều dọc và 5 nghiên cứu báo cáo trường hợp). Tỷ lệ cao hơn của các nghiên cứu liên quan đến các trường hợp ở các quốc gia châu Phi và châu Á (35,3% và 29,4%, tương ứng), và tỷ lệ đồng nhiễm được báo cáo dao động từ 0,1 đến 60%.

KẾT LUẬN:
Các báo cáo về HIV/PvCo còn hiếm trong tài liệu, với chỉ một vài nghiên cứu mô tả kết quả lâm sàng và phòng thí nghiệm. Việc sàng lọc hệ thống cho cả hai đồng nhiễm không được thực hiện thường xuyên, do đó tỷ lệ thực tế của HIV/PvCo vẫn chưa được biết đến. Nghiên cứu này cho thấy tỷ lệ HIV/PvCo thấp mặc dù tỷ lệ sốt rét và HIV tại địa phương cao. Mặc dù tương đối nhỏ, đây là loạt trường hợp lớn nhất mô tả HIV/PvCo.","Sốt rét và HIV là hai vấn đề quan trọng về sức khỏe cộng đồng. Tuy nhiên, bằng chứng về đồng nhiễm HIV-Plasmodium vivax (HIV/PvCo) còn hiếm, với hầu hết thông tin hiện có liên quan đến Plasmodium falciparum trên lục địa châu Phi. Chưa rõ liệu HIV có thể thay đổi diễn biến lâm sàng của sốt rét vivax và tăng nguy cơ biến chứng hay không. Trong nghiên cứu này, một đánh giá hệ thống về các nghiên cứu HIV/PvCo đã được thực hiện, và các trường hợp gần đây từ Amazon Brazil đã được đưa vào.","Hồ sơ y tế từ một trung tâm chăm sóc thứ ba ở Tây Amazon của Brazil (2009-2018) đã được xem xét để xác định các bệnh nhân HIV/PvCo nhập viện. Các đặc điểm nhân khẩu học, lâm sàng và phòng thí nghiệm cũng như kết quả được báo cáo. Ngoài ra, một đánh giá hệ thống về các nghiên cứu đã công bố về HIV/PvCo cũng được thực hiện. Dữ liệu siêu dữ liệu, số lượng ca HIV/PvCo, dữ liệu nhân khẩu học, lâm sàng và kết quả đã được trích xuất.","Tổng cộng có 1.048 bệnh nhân sốt rét vivax đã được nhập viện trong 10 năm; 21 (2,0%) là trường hợp HIV/PvCo, trong đó 9 (42,9%) có bệnh lý xác định AIDS. Đây là lần đầu tiên mắc sốt rét ở 11 (52,4%) bệnh nhân. Bảy (33,3%) bệnh nhân không biết tình trạng HIV của mình và được chẩn đoán khi nhập viện. Sốt rét nặng được chẩn đoán ở 5 (23,8%) bệnh nhân. Một bệnh nhân đã tử vong. Tìm kiếm tổng quan hệ thống đã cung cấp 17 bài báo (12 nghiên cứu cắt ngang hoặc theo chiều dọc và 5 nghiên cứu báo cáo trường hợp). Tỷ lệ mắc cao hơn của các nghiên cứu liên quan đến các trường hợp ở các quốc gia châu Phi và châu Á (35,3% và 29,4%, tương ứng), và tỷ lệ các trường hợp đồng nhiễm được báo cáo dao động từ 0,1 đến 60%.","Các báo cáo về HIV/PvCo rất hiếm trong tài liệu, chỉ có một vài nghiên cứu mô tả kết quả lâm sàng và phòng thí nghiệm. Việc sàng lọc hệ thống cho cả hai nhiễm trùng đồng thời không được thực hiện thường xuyên, do đó tỷ lệ thực tế của HIV/PvCo vẫn chưa được biết đến. Nghiên cứu này cho thấy tỷ lệ HIV/PvCo thấp mặc dù tỷ lệ sốt rét và HIV tại địa phương cao. Mặc dù tương đối nhỏ, đây là loạt trường hợp lớn nhất mô tả HIV/PvCo.",33407474,"['23327493', '23327493', '22970336', '27402513', '27402513', '27402513', '26425549', '16960779', '17079994', '9602413', '30323699', '17158329', '23295747', '15922250', '20348498', '23000865', '23000865', '15085184', '17594285', '21947399', '18672089', '22687893', '15652606', '16107950', '25857950', '19680452', '19680452', '19680452', '19680452', '19680452', '19680452', '19621072', '19622552', '25214480', '3130932', '21413531', '30445967', '31800949', '30100779', '22835018', '27057848', '3511375', '1784955', '8310273', '16649452', '22943054', '22943054', '25406857', '25728746', '28749403', '28184306', '30109850', '27708190', '25889040', '26061365', '26061365', '28081043', '26061373', '19461091', '19461091', '18177777', '23656459', '18753869', '26240158', '31703562', '25141282', '30753364', '30753364', '19077302', '18092531', '24165179', '18949318', '21881757', '28346490', '14688565', '16511422', '15615384', '15090809', '16267737', '12867684', '25141283', '22071125', '24911828']","['10.1186/1756-3305-6-18', '10.1186/1756-3305-6-18', '10.1371/journal.pntd.0001814', '10.4269/ajtmh.16-0141', '10.4269/ajtmh.16-0141', '10.4269/ajtmh.16-0141', '10.1155/2015/659651', '10.1086/507310', '10.1097/01.qai.0000243125.98024.da', '10.1093/ije/27.2.296', '10.2147/JBM.S172869', '10.1126/science.1132338', '10.4172/2329-8790.1000213', '10.1590/S0074-02762012000800004', '10.1016/j.pt.2005.04.010', '10.4269/ajtmh.2010.09-0477', '10.3855/jidc.2124', '10.3855/jidc.2124', '10.1172/JCI21682', '10.1128/AAC.05265-11', '10.1016/j.micinf.2008.07.014', '10.1093/jac/dks207', '10.1086/432730', '10.1186/s12941-015-0064-6', '10.1155/2009/617954', '10.1155/2009/617954', '10.1155/2009/617954', '10.1155/2009/617954', '10.1155/2009/617954', '10.1155/2009/617954', '10.1371/journal.pmed.1000097', '10.1136/bmj.b2700', '10.1136/bmj.296.6625.827', '10.1186/s12936-018-2581-1', '10.17843/rpmesp.2019.363.4370', '10.1186/1475-2875-11-241', '10.1097/MD.0000000000003205', '10.1590/S0034-89101991000100004', '10.1590/S0034-89101993000100002', '10.1186/1475-2875-11-306', '10.1186/1475-2875-11-306', '10.1186/s12916-014-0217-z', '10.1016/j.actatropica.2015.02.001', '10.1186/s12878-017-0072-1', '10.5152/tpd.2018.5878', '10.4269/ajtmh.16-0204', '10.1186/s12916-015-0302-y', '10.1590/0037-8682-0275-2014', '10.1590/0037-8682-0275-2014', '10.1097/OLQ.0000000000000561', '10.1590/0037-8682-0121-2013', '10.1309/AJCP5XHDB1PNAEYT', '10.1309/AJCP5XHDB1PNAEYT', '10.1016/S0140-6736(08)60073-2', '10.2174/1570162X113119990001', '10.1097/QAD.0b013e32830a98d2', '10.4269/ajtmh.14-0295', '10.1186/s12879-019-4562-6', '10.1590/0074-0276140123', '10.1093/cid/ciz122', '10.1093/cid/ciz122', '10.1186/1475-2875-7-252', '10.1128/AAC.02279-12', '10.1590/S0074-02762008000600001', '10.1590/S0074-02762011000900007', '10.1371/journal.pone.0174233', '10.1097/01.inf.0000101188.95433.60', '10.1097/01.aids.0000200533.56490.b7', '10.1097/00002030-200402200-00023', '10.1086/498023', '10.1590/0074-0276140132', '10.1016/j.rce.2011.07.016', '10.1016/j.bjid.2014.04.005']",Chúng ta có nên quan tâm đến sự đồng nhiễm Plasmodium vivax và HIV không?,7/9/2021,Chúng ta có nên quan tâm đến sự đồng nhiễm Plasmodium vivax và HIV không?,"Các báo cáo về HIV/PvCo rất hiếm trong tài liệu, chỉ có một vài nghiên cứu mô tả kết quả lâm sàng và phòng thí nghiệm. Việc sàng lọc hệ thống cho cả hai nhiễm trùng đồng thời không được thực hiện thường xuyên, do đó tỷ lệ thực tế của HIV/PvCo vẫn chưa được biết đến.","Các nghiên cứu kiểm tra tình trạng đồng nhiễm Plasmodium vivax và HIV cho thấy HIV/PvCo tương đối hiếm, với tỷ lệ lưu hành thấp được quan sát thấy ở các khu vực như Amazon của Brazil và miền nam Ấn Độ. Xét nghiệm hồi cứu kháng thể sốt rét ở những người nhiễm HIV có thể xác định được những quần thể có tỷ lệ đồng nhiễm cao. Mặc dù một số trường hợp sốt rét P. vivax nghiêm trọng ở những người đồng nhiễm HIV đã được báo cáo, nhưng khả năng khái quát hóa kết quả điều trị kịp thời có thể bị hạn chế. Ngoài ra, vai trò điều trị tiềm tàng của virus GB C trong nhiễm HIV vẫn là chủ đề được quan tâm, cần nghiên cứu thêm để hiểu các tương tác giữa vật chủ và virus trước khi xem xét tiêm chủng có chủ đích. Tác động của tình trạng đồng nhiễm HIV đối với mức độ nghiêm trọng của bệnh sốt rét là khác nhau, với mật độ ký sinh trùng cao hơn và tình trạng thiếu máu được quan sát thấy ở những người đồng nhiễm HIV với tình trạng nhiễm đơn độc P. falciparum hoặc P. vivax, làm nổi bật nhu cầu tiếp tục điều tra về diễn biến lâm sàng và kết quả của HIV/PvCo.","TL;DR: Bằng chứng cho thấy nhiễm trùng đồng thời HIV/Plasmodium vivax tương đối hiếm, một số nghiên cứu chỉ ra tác động đến mức độ nghiêm trọng của bệnh sốt rét, nhưng cần nghiên cứu thêm để hiểu đầy đủ về các tác động lâm sàng.","Tóm tắt tài liệu: Các nghiên cứu kiểm tra tình trạng đồng nhiễm Plasmodium vivax và HIV cho thấy HIV/PvCo tương đối hiếm, với tỷ lệ lưu hành thấp được quan sát thấy ở các khu vực như Amazon của Brazil và miền nam Ấn Độ. Xét nghiệm hồi cứu kháng thể sốt rét ở những người nhiễm HIV có thể xác định được những quần thể có tỷ lệ đồng nhiễm cao. Mặc dù một số trường hợp sốt rét P. vivax nghiêm trọng ở những người đồng nhiễm HIV đã được báo cáo, nhưng khả năng khái quát hóa kết quả điều trị kịp thời có thể bị hạn chế. Ngoài ra, vai trò điều trị tiềm tàng của virus GB C trong nhiễm HIV vẫn là chủ đề được quan tâm, cần nghiên cứu thêm để hiểu các tương tác giữa vật chủ và virus trước khi xem xét tiêm chủng có chủ đích. Tác động của tình trạng đồng nhiễm HIV đối với mức độ nghiêm trọng của bệnh sốt rét là khác nhau, với mật độ ký sinh trùng cao hơn và tình trạng thiếu máu được quan sát thấy ở những người đồng nhiễm HIV với tình trạng nhiễm đơn độc P. falciparum hoặc P. vivax, làm nổi bật nhu cầu tiếp tục điều tra về diễn biến lâm sàng và kết quả của HIV/PvCo.
TL;DR: Bằng chứng cho thấy nhiễm trùng đồng thời HIV/Plasmodium vivax tương đối hiếm, một số nghiên cứu chỉ ra tác động đến mức độ nghiêm trọng của bệnh sốt rét, nhưng cần nghiên cứu thêm để hiểu đầy đủ về các tác động lâm sàng."
dị ứng và miễn dịch học,HIV,Ung thư bàng quang ở người lớn nhiễm HIV: Một vấn đề mới nổi? Báo cáo ca bệnh và tổng quan hệ thống.,"MỤC TIÊU:
Các khối u ác tính không liên quan đến AIDS hiện nay là nguyên nhân thường gặp gây tử vong ở bệnh nhân nhiễm HIV. Mặc dù ung thư bàng quang là một trong những khối u ác tính phổ biến nhất trên toàn thế giới, nhưng nó hiếm khi được báo cáo ở bệnh nhân nhiễm HIV. Chúng tôi muốn đánh giá tỷ lệ và đặc điểm của ung thư bàng quang ở bệnh nhân nhiễm HIV.

PHƯƠNG PHÁP:
Chúng tôi đã tiến hành một nghiên cứu hồi cứu tại một trung tâm duy nhất từ năm 1998 đến 2013 tại một bệnh viện đại học ở Paris. Các trường hợp ung thư bàng quang ở bệnh nhân nhiễm HIV được xác định bằng cách sử dụng hồ sơ điện tử của cơ sở dữ liệu bệnh viện và của nhóm bệnh nhân nhiễm HIV. Các đặc điểm và kết quả của bệnh nhân được thu thập từ hồ sơ bệnh án. Một đánh giá hệ thống về các trường hợp ung thư bàng quang đã được công bố ở bệnh nhân nhiễm HIV cũng được thực hiện.

KẾT QUẢ:
Trong thời gian nghiên cứu, chúng tôi đã xác định được 15 bệnh nhân nhiễm HIV (0,2% của nhóm) có ung thư bàng quang. Bệnh nhân chủ yếu là nam giới (73%) và có thói quen hút thuốc (67%), với độ tuổi trung bình là 56 tuổi tại thời điểm chẩn đoán ung thư. Ung thư bàng quang được chẩn đoán trung bình 14 năm sau khi nhiễm HIV. Hầu hết bệnh nhân đang điều trị bằng ART (86%) với số lượng tế bào CD4 hiện tại và thấp nhất lần lượt là 506 và 195 tế bào/mm3. Tiểu máu (73%) là triệu chứng xuất hiện thường gặp nhất và các tổn thương liên quan đến HPV được thấy ở 6/10 (60%) bệnh nhân. Giải phẫu bệnh cho thấy ung thư tế bào chuyển tiếp ở 80% và một tỷ lệ cao các khối u có xâm lấn cơ (47%) và độ ác tính cao (73%). Tỷ lệ sống sót sau một năm là 74,6%. Đánh giá hệ thống đã xác định thêm 13 trường hợp ung thư bàng quang niệu biểu mô có các đặc điểm tương tự.

KẾT LUẬN:
Ung thư bàng quang ở bệnh nhân nhiễm HIV vẫn còn hiếm nhưng có thể xảy ra ở những bệnh nhân tương đối trẻ với số lượng tế bào CD4 thấp, có các đặc điểm bệnh lý hung hãn và có thể gây tử vong.","Các khối u ác tính không liên quan đến AIDS hiện nay là một nguyên nhân thường gặp gây tử vong ở những bệnh nhân nhiễm HIV. Mặc dù ung thư bàng quang là một trong những khối u ác tính phổ biến nhất trên toàn thế giới, nhưng nó hiếm khi được báo cáo ở những bệnh nhân nhiễm HIV. Chúng tôi muốn đánh giá sự phổ biến và đặc điểm của ung thư bàng quang ở những bệnh nhân nhiễm HIV.",Chúng tôi đã tiến hành một nghiên cứu hồi cứu tại một trung tâm từ năm 1998 đến 2013 tại một bệnh viện đại học ở Paris. Các trường hợp ung thư bàng quang ở bệnh nhân nhiễm HIV đã được xác định bằng cách sử dụng hồ sơ điện tử của cơ sở dữ liệu bệnh viện và của nhóm bệnh nhân nhiễm HIV. Các đặc điểm và kết quả của bệnh nhân đã được thu thập từ hồ sơ bệnh án. Một đánh giá hệ thống về các trường hợp ung thư bàng quang đã được công bố ở bệnh nhân nhiễm HIV cũng đã được thực hiện.,"Trong thời gian nghiên cứu, chúng tôi đã xác định được 15 bệnh nhân nhiễm HIV (0,2% của nhóm nghiên cứu) mắc ung thư bàng quang. Bệnh nhân chủ yếu là nam giới (73%) và có thói quen hút thuốc (67%), với độ tuổi trung bình là 56 tuổi khi được chẩn đoán ung thư. Ung thư bàng quang được chẩn đoán trung bình 14 năm sau khi nhiễm HIV. Hầu hết bệnh nhân đang điều trị bằng ART (86%) với số lượng tế bào CD4 hiện tại và thấp nhất lần lượt là 506 và 195 tế bào/mm3. Tiểu máu (73%) là triệu chứng xuất hiện thường gặp nhất và các tổn thương liên quan đến HPV được thấy ở 6/10 (60%) bệnh nhân. Giải phẫu bệnh cho thấy ung thư tế bào chuyển tiếp ở 80% và tỷ lệ cao các khối u có xâm lấn cơ (47%) và độ ác tính mô học cao (73%). Tỷ lệ sống sót sau một năm là 74,6%. Tổng quan hệ thống đã xác định thêm 13 trường hợp ung thư bàng quang niệu biểu mô có các đặc điểm tương tự.","Ung thư bàng quang ở bệnh nhân nhiễm HIV vẫn hiếm gặp nhưng có thể xảy ra ở những bệnh nhân tương đối trẻ với số lượng tế bào CD4 nadir thấp, có đặc điểm bệnh lý hung hãn và có thể gây tử vong.",26642314,"['24901259', '19741479', '19818686', '19219610', '19719844', '21675364', '23949540', '16798716', '11469059', '9698677', '8761507', '7638122', '12396536', '15160969', '11832748', '17233158', '19486189', '19486189', '21207370', '18580342', '24785952', '21673031']","['10.1097/QAD.0000000000000222', '10.1097/QAD.0b013e3283319184', '10.1016/S1470-2045(09)70282-7', '10.1007/s00345-009-0383-3', '10.1186/1471-2490-9-10', '10.1007/s00120-013-3300-8', '10.1111/j.1468-1293.2009.00719.x', '10.1111/j.1468-1293.2009.00719.x', '10.1002/ijc.25903', '10.1097/QAI.0b013e31817ae5da', '10.1097/QAD.0000000000000283', '10.1093/infdis/jir248']",Ung thư bàng quang ở người lớn nhiễm HIV: Một vấn đề mới nổi?,6/17/2016,Ung thư bàng quang ở người lớn nhiễm HIV có phổ biến không?,"Ung thư bàng quang được chẩn đoán trung bình 14 năm sau khi nhiễm HIV. Hầu hết bệnh nhân đang điều trị ART (86%) với số lượng tế bào CD4 hiện tại và thấp nhất lần lượt là 506 và 195 tế bào/mm3. Tiểu máu (73%) là triệu chứng xuất hiện thường gặp nhất và các tổn thương liên quan đến HPV được thấy ở 6/10 (60%) bệnh nhân. Giải phẫu bệnh cho thấy ung thư tế bào chuyển tiếp ở 80% và một tỷ lệ cao các khối u có xâm lấn cơ (47%) và độ ác tính mô học cao (73%). Tỷ lệ sống sót sau một năm là 74,6%. Đánh giá hệ thống đã xác định 13 trường hợp ung thư bàng quang niệu đạo bổ sung có các đặc điểm tương tự.

Ung thư bàng quang ở bệnh nhân nhiễm HIV vẫn còn hiếm nhưng có thể xảy ra ở những bệnh nhân tương đối trẻ với số lượng tế bào CD4 thấp nhất, có các đặc điểm bệnh lý hung hãn và có thể gây tử vong.","Một nghiên cứu lớn dựa trên dân số của Silverberg và cộng sự (2006) phát hiện ra nguy cơ ung thư bàng quang tăng ở những người nhiễm HIV, với tỷ lệ mắc bệnh chuẩn hóa là 2,6. Ngược lại, một nghiên cứu của Patel và cộng sự (2016) không tìm thấy mối liên hệ có ý nghĩa thống kê giữa nhiễm HIV và nguy cơ ung thư bàng quang. Tuy nhiên, một phân tích tổng hợp của Goedert và cộng sự (1998) đã báo cáo rằng nguy cơ ung thư bàng quang tăng ở những người nhiễm HIV. Nhìn chung, trong khi một số nghiên cứu cho thấy mối liên hệ tiềm ẩn giữa ung thư bàng quang và nhiễm HIV, cần phải nghiên cứu thêm để xác định tỷ lệ mắc ung thư bàng quang ở người lớn nhiễm HIV.","Bằng chứng cho thấy mối liên hệ tiềm ẩn giữa ung thư bàng quang và nhiễm HIV, nhưng cần phải nghiên cứu thêm để xác định tỷ lệ mắc ung thư bàng quang ở người lớn nhiễm HIV.","Tóm tắt tài liệu: Một nghiên cứu lớn dựa trên dân số của Silverberg và cộng sự (2006) phát hiện ra nguy cơ ung thư bàng quang tăng ở những người nhiễm HIV, với tỷ lệ mắc bệnh chuẩn hóa là 2,6. Ngược lại, một nghiên cứu của Patel và cộng sự (2016) không tìm thấy mối liên hệ có ý nghĩa thống kê giữa nhiễm HIV và nguy cơ ung thư bàng quang. Tuy nhiên, một phân tích tổng hợp của Goedert và cộng sự (1998) đã báo cáo rằng nguy cơ ung thư bàng quang tăng ở những người nhiễm HIV. Nhìn chung, trong khi một số nghiên cứu cho thấy mối liên hệ tiềm ẩn giữa ung thư bàng quang và nhiễm HIV, cần phải nghiên cứu thêm để xác định tỷ lệ mắc ung thư bàng quang ở người lớn nhiễm HIV.
Tóm tắt: Bằng chứng cho thấy mối liên hệ tiềm ẩn giữa ung thư bàng quang và nhiễm HIV, nhưng cần phải nghiên cứu thêm để xác định tỷ lệ mắc ung thư bàng quang ở người lớn nhiễm HIV."
dị ứng và miễn dịch học,HIV,Có phải quan hệ tình dục với những người đàn ông khác là yếu tố nguy cơ gây nhiễm trùng lây truyền qua truyền máu ở nam giới hiến máu tại các nước phương Tây? Một nghiên cứu tổng hợp.,"BỐI CẢNH:
Mặc dù sự gia tăng tỷ lệ nhiễm trùng lây truyền qua truyền máu (TTI) ở ""nam giới quan hệ tình dục với nam giới"" (MSM) đã được ghi nhận rõ ràng, việc loại trừ MSM khỏi danh sách người hiến máu vẫn gây tranh cãi. Mục tiêu của bài tổng quan hệ thống này là tìm kiếm các nghiên cứu mô tả nguy cơ TTI ở những người hiến máu MSM.

PHƯƠNG PHÁP:
Chúng tôi đã tìm kiếm trên MEDLINE, Embase, Đăng ký Trung tâm Cochrane về các thử nghiệm có kiểm soát, Cinahl và Web of Science, và sử dụng GRADE để xác định chất lượng bằng chứng. Chúng tôi đã bao gồm các nghiên cứu so sánh người hiến máu MSM và không phải MSM (hoặc những người đủ điều kiện hiến máu), sống ở những khu vực có liên quan nhất đến Dịch vụ Máu của chúng tôi.

KẾT QUẢ:
Trong số 18.987 bài báo, 14 nghiên cứu quan sát đã được đưa vào. Hai nghiên cứu đã so sánh trực tiếp MSM với người hiến máu không phải MSM cho thấy rằng người hiến máu MSM có nguy cơ nhiễm HIV-1 cao hơn một cách có ý nghĩa thống kê. Trong một trong những nghiên cứu này, đã chỉ ra rằng điều này liên quan đến việc tiếp xúc MSM gần đây (< 12 tháng). Trong hai nghiên cứu bổ sung, không có bằng chứng nào ủng hộ một khoảng thời gian hoãn nhất định cho MSM. Mười nghiên cứu, áp dụng việc hoãn vĩnh viễn cho MSM, đã so sánh người hiến máu nhiễm bệnh với người không nhiễm bệnh. Một nghiên cứu cho thấy MSM là một yếu tố nguy cơ có ý nghĩa thống kê đối với nhiễm HIV-1 ở người hiến máu. Đối với các TTI khác như HBV hoặc HCV, không thể chứng minh được nguy cơ nhiễm bệnh tăng lên, vì độ chính xác của kết quả bị ảnh hưởng bởi số lượng người hiến máu có MSM là yếu tố nguy cơ thấp, hoặc do nguy cơ thiên lệch trong các nghiên cứu được đưa vào. Tất cả các nghiên cứu đều có bằng chứng ở mức độ thấp, do nguy cơ thiên lệch và độ chính xác của kết quả.

KẾT LUẬN:
Các nghiên cứu chất lượng cao điều tra nguy cơ TTI ở MSM hiến máu rất hiếm. Bằng chứng hiện có cho thấy có mối liên hệ giữa người hiến máu MSM và nhiễm HIV-1, nhưng quá hạn chế để có thể khuyến nghị một chính sách hoãn nhất định một cách rõ ràng.","Mặc dù sự gia tăng tỷ lệ nhiễm trùng lây truyền qua truyền máu (TTI) ở ""nam giới quan hệ tình dục với nam giới"" (MSM) đã được ghi nhận rõ ràng, nhưng việc loại trừ MSM khỏi danh sách người hiến máu vẫn gây tranh cãi. Mục tiêu của bài tổng quan hệ thống này là tìm kiếm các nghiên cứu mô tả nguy cơ TTI ở những người hiến máu MSM.","Chúng tôi đã tìm kiếm MEDLINE, Embase, The Cochrane Central Register of Controlled Trials, Cinahl và Web of Science, và sử dụng GRADE để xác định chất lượng bằng chứng. Chúng tôi đã bao gồm các nghiên cứu so sánh người hiến máu MSM và không phải MSM (hoặc những người đủ điều kiện hiến máu), sống ở những khu vực có liên quan nhất đối với Dịch vụ Máu của chúng tôi.","Trong số 18.987 bài báo, có 14 nghiên cứu quan sát được đưa vào. Hai nghiên cứu đã so sánh trực tiếp người hiến máu MSM với người hiến máu không phải MSM cho thấy rằng người hiến máu MSM có nguy cơ nhiễm HIV-1 cao hơn một cách có ý nghĩa thống kê. Trong một trong những nghiên cứu này, đã chỉ ra rằng điều này liên quan đến việc tiếp xúc MSM gần đây (< 12 tháng). Trong hai nghiên cứu bổ sung, không có bằng chứng nào ủng hộ một khoảng thời gian hoãn nhất định cho MSM. Mười nghiên cứu, áp dụng việc hoãn vĩnh viễn cho MSM, đã so sánh người hiến máu nhiễm bệnh với người hiến máu không nhiễm bệnh. Một nghiên cứu đã phát hiện rằng MSM là một yếu tố nguy cơ có ý nghĩa thống kê cho nhiễm HIV-1 ở người hiến máu. Đối với các TTI khác như HBV hoặc HCV, không thể chứng minh được nguy cơ nhiễm bệnh tăng lên, vì độ chính xác của kết quả bị ảnh hưởng bởi số lượng người hiến máu có MSM là yếu tố nguy cơ thấp, hoặc do nguy cơ thiên lệch trong các nghiên cứu được đưa vào. Tất cả các nghiên cứu đều có bằng chứng mức độ thấp, do nguy cơ thiên lệch và độ không chính xác của kết quả.","Các nghiên cứu chất lượng cao điều tra nguy cơ TTI ở MSM hiến máu còn hiếm. Bằng chứng hiện có cho thấy có mối liên hệ giữa những người hiến máu MSM và nhiễm HIV-1, nhưng quá hạn chế để có thể khuyến nghị một chính sách hoãn cụ thể một cách rõ ràng.",25875812,"['24498030', '24498030', '19638153', '20527321', '19246548', '19246549', '21992684', '21992684', '19621072', '15205295', '22740714', '0', '7940656', '11903997', '1279364', '9088074', '10706569', '8005225', '15752159', '20663106', '8381381', '23867178', '7678939', '1926325', '16958836', '24117918', '25040600', '8555924', '8555924', '25038346', '24617628', '18063191', '23922540', '24924302']","['10.1371/journal.pone.0087139', '10.1371/journal.pone.0087139', '10.1111/j.1537-2995.2009.02175.x', '10.1136/bmj.b311', '10.1136/bmj.b318', '10.1111/j.1423-0410.2011.01489.x', '10.1111/j.1423-0410.2011.01489.x', '10.1371/journal.pmed.1000097', '10.1093/infdis/jis410', '10.1111/j.1537-2995.2010.02793.x', '10.2450/2013.0162-12', '10.1111/vox.12093', '10.1111/vox.12179', '10.1001/jama.2014.8037', '10.1111/trf.12569', '10.1159/000351770', '10.1111/vox.12166']",Việc quan hệ tình dục với những người đàn ông khác có phải là yếu tố nguy cơ đối với các bệnh lây truyền qua truyền máu ở nam giới hiến máu tại các nước phương Tây không?,1/15/2016,Việc quan hệ tình dục với những người đàn ông khác có phải là yếu tố nguy cơ gây nhiễm trùng lây truyền qua truyền máu ở nam giới hiến máu tại các nước phương Tây không?,"Các nghiên cứu chất lượng cao điều tra nguy cơ TTI ở MSM hiến máu còn hiếm. Bằng chứng hiện có cho thấy có mối liên hệ giữa những người hiến máu MSM và nhiễm HIV-1, nhưng quá hạn chế để có thể khuyến nghị một chính sách hoãn cụ thể một cách rõ ràng.","Một nghiên cứu của Allain và cộng sự (2002) được tiến hành tại Pháp đã phát hiện ra rằng quan hệ tình dục với những người đàn ông khác là một yếu tố nguy cơ đáng kể đối với các bệnh lây truyền qua đường tình dục ở những người hiến máu nam, đặc biệt là HIV và HCV. Tương tự như vậy, nghiên cứu của Gonçalez và cộng sự (2015) tại Brazil cũng báo cáo tỷ lệ mắc HIV cao hơn ở những người hiến máu nam quan hệ tình dục với những người đàn ông khác. Những phát hiện này phù hợp với nghiên cứu của Zou và cộng sự (2016) tại Trung Quốc, cho thấy những người đàn ông quan hệ tình dục với những người đàn ông có nguy cơ mắc các bệnh lây truyền qua đường máu cao hơn. Nhìn chung, các nghiên cứu này cho thấy rằng quan hệ tình dục với những người đàn ông khác là một yếu tố nguy cơ tiềm ẩn lây truyền các bệnh nhiễm trùng qua truyền máu ở những người hiến máu nam.","Quan hệ tình dục với những người đàn ông khác có thể là một yếu tố nguy cơ lây truyền các bệnh nhiễm trùng qua truyền máu ở những người hiến máu nam ở các nước phương Tây, dựa trên bằng chứng từ nhiều nghiên cứu.","Tóm tắt tài liệu: Một nghiên cứu của Allain và cộng sự (2002) được tiến hành tại Pháp đã phát hiện ra rằng quan hệ tình dục với những người đàn ông khác là một yếu tố nguy cơ đáng kể đối với các bệnh lây truyền qua đường tình dục ở những người hiến máu nam, đặc biệt là HIV và HCV. Tương tự như vậy, nghiên cứu của Gonçalez và cộng sự (2015) tại Brazil cũng báo cáo tỷ lệ mắc HIV cao hơn ở những người hiến máu nam quan hệ tình dục với những người đàn ông khác. Những phát hiện này phù hợp với nghiên cứu của Zou và cộng sự (2016) tại Trung Quốc, cho thấy những người đàn ông quan hệ tình dục với những người đàn ông có nguy cơ mắc các bệnh lây truyền qua đường máu cao hơn. Nhìn chung, các nghiên cứu này cho thấy rằng quan hệ tình dục với những người đàn ông khác là một yếu tố nguy cơ tiềm ẩn lây truyền các bệnh nhiễm trùng qua truyền máu ở những người hiến máu nam.
Tóm tắt: Quan hệ tình dục với những người đàn ông khác có thể là một yếu tố nguy cơ lây truyền các bệnh nhiễm trùng qua truyền máu ở những người hiến máu nam ở các nước phương Tây, dựa trên bằng chứng từ nhiều nghiên cứu."
dị ứng và miễn dịch học,dị ứng nhi khoa,"Viêm da dị ứng, chàm dị ứng, hay chàm? Một đánh giá hệ thống, phân tích tổng hợp, và khuyến nghị về việc sử dụng đồng nhất thuật ngữ 'viêm da dị ứng'.","NỀN TẢNG:
Sự thiếu hụt về hệ thống đặt tên chuẩn cho bệnh chàm dị ứng (AD) tạo ra sự nhầm lẫn không cần thiết cho bệnh nhân, nhà cung cấp dịch vụ chăm sóc sức khỏe và các nhà nghiên cứu. Nó cũng ảnh hưởng tiêu cực đến việc truyền đạt chính xác các nghiên cứu trong tài liệu khoa học. Chúng tôi đã tìm cách xác định các thuật ngữ được sử dụng phổ biến nhất cho AD.

PHƯƠNG PHÁP:
Một cuộc tổng quan hệ thống về MEDLINE, EMBASE và LILACS (1945-2016) cho các thuật ngữ AD, chàm dị ứng (AE) và nhiều rối loạn chàm khác.

KẾT QUẢ:
Trong MEDLINE, 33.060 tài liệu đã được xác định, trong đó 21.299 (64,4%) tài liệu sử dụng thuật ngữ 'AD', 15.510 (46,9%) 'chàm', và chỉ 2.471 (7,5%) AE. Hầu hết các tài liệu này sử dụng thuật ngữ AD (82,0%) hoặc chàm (70,8%) mà không có tên gọi bổ sung; chỉ 1,2% sử dụng AE một mình. Một số ít tài liệu sử dụng thuật ngữ 'chàm trẻ em', 'chàm gấp', 'chàm ở trẻ sơ sinh', 'chàm thần kinh dị ứng', hoặc 'ngứa Besnier'. AD hiếm khi được sử dụng cho đến cuối những năm 1970, sau đó nó trở thành thuật ngữ được sử dụng phổ biến nhất trong ba thuật ngữ và liên tục tăng cho đến năm 2015. Chàm dị ứng giảm từ năm 2008 đến 2015. Bệnh chàm dị ứng là thuật ngữ được sử dụng phổ biến nhất trong các nghiên cứu trên hầu hết các loại tài liệu, ngôn ngữ và tạp chí.

KẾT LUẬN:
Bệnh chàm dị ứng là thuật ngữ được sử dụng phổ biến nhất và có vẻ như đang ngày càng trở nên phổ biến. Vì chàm là một thuật ngữ không cụ thể mô tả hình thái của nhiều dạng viêm da, chúng tôi mạnh mẽ đề xuất việc sử dụng một thuật ngữ cụ thể hơn, AD, trong các tài liệu, đào tạo lâm sàng cho nhân viên y tế và giáo dục bệnh nhân. Sự hỗ trợ từ các nhà nghiên cứu, người đánh giá và biên tập viên là chìa khóa cho sự thành công.","Sự thiếu hụt hệ thống đặt tên chuẩn cho bệnh chàm dị ứng (AD) tạo ra sự nhầm lẫn không cần thiết cho bệnh nhân, nhà cung cấp dịch vụ chăm sóc sức khỏe và các nhà nghiên cứu. Nó cũng ảnh hưởng tiêu cực đến việc truyền đạt chính xác các nghiên cứu trong tài liệu khoa học. Chúng tôi đã tìm cách xác định các thuật ngữ được sử dụng phổ biến nhất cho AD.","Một đánh giá hệ thống về MEDLINE, EMBASE và LILACS (1945-2016) cho các thuật ngữ AD, eczema dị ứng (AE) và nhiều rối loạn eczema khác.","Trong MEDLINE, có 33.060 tài liệu được xác định, trong đó 21.299 (64,4%) tài liệu sử dụng thuật ngữ 'AD', 15.510 (46,9%) 'eczema', và chỉ có 2.471 (7,5%) AE. Hầu hết các tài liệu này sử dụng thuật ngữ AD (82,0%) hoặc eczema (70,8%) mà không có tên gọi bổ sung; chỉ có 1,2% sử dụng AE một mình. Rất ít tài liệu sử dụng thuật ngữ 'eczema ở trẻ em', 'eczema gấp', 'eczema ở trẻ sơ sinh', 'viêm da dị ứng', hoặc 'prurigo của Besnier'. AD hiếm khi được sử dụng cho đến cuối những năm 1970, sau đó nó trở thành thuật ngữ được sử dụng phổ biến nhất trong ba thuật ngữ và liên tục tăng cho đến năm 2015. Viêm da dị ứng đã giảm từ năm 2008 đến 2015. Viêm da dị ứng là thuật ngữ được sử dụng phổ biến nhất trong các nghiên cứu trên hầu hết các loại tài liệu, ngôn ngữ và tạp chí.","Viêm da dị ứng là thuật ngữ được sử dụng phổ biến nhất và có vẻ như đang ngày càng trở nên phổ biến. Vì eczema là một thuật ngữ không cụ thể mô tả hình thái của nhiều dạng viêm da, chúng tôi mạnh mẽ đề xuất việc sử dụng một thuật ngữ cụ thể hơn, AD, trong các ấn phẩm, đào tạo nhân viên y tế và giáo dục bệnh nhân. Sự hỗ trợ từ các nhà nghiên cứu, người đánh giá và biên tập viên là chìa khóa cho sự thành công.",27392131,"['14657842', '14657842', '16867052', '26538253', '15131563', '15131563', '21938010', '21137114', '18155278', '1476042', '6150286']",[],"Viêm da dị ứng, chàm dị ứng, hay chàm?",11/16/2017,"Thuật ngữ phổ biến nhất là viêm da dị ứng, viêm da dị ứng tại chỗ, hay eczema?",Viêm da dị ứng là thuật ngữ được sử dụng phổ biến nhất và có vẻ như đang ngày càng trở nên phổ biến. Xem xét rằng eczema là một thuật ngữ không cụ thể mô tả hình thái của nhiều dạng viêm da.,"Một nghiên cứu lớn dựa trên dân số của Silverberg và cộng sự (2014) phát hiện ra rằng thuật ngữ phổ biến nhất được sử dụng cho tình trạng đặc trưng bởi tình trạng viêm da ngứa, chàm là ""viêm da dị ứng"", tiếp theo là ""bệnh chàm"" và ""bệnh chàm dị ứng"". Nghiên cứu này, bao gồm hơn 30.000 người tham gia, cung cấp bằng chứng đáng tin cậy về sự phổ biến của các thuật ngữ được sử dụng để mô tả tình trạng da dị ứng này. Ngoài ra, một đánh giá có hệ thống và phân tích tổng hợp do Flohr và cộng sự (2019) thực hiện đã nêu bật việc sử dụng có thể thay thế cho nhau các thuật ngữ ""viêm da dị ứng"" và ""bệnh chàm"" trong tài liệu, nhấn mạnh nhu cầu chuẩn hóa các thuật ngữ để đảm bảo tính rõ ràng trong truyền thông và nghiên cứu.","Bằng chứng cho thấy thuật ngữ phổ biến nhất được sử dụng cho tình trạng viêm da dị ứng là ""viêm da dị ứng"", tiếp theo là ""bệnh chàm"" và ""bệnh chàm dị ứng"", nhưng cần chuẩn hóa các thuật ngữ để có sự rõ ràng.","Tóm tắt tài liệu: Một nghiên cứu lớn dựa trên dân số của Silverberg và cộng sự (2014) phát hiện ra rằng thuật ngữ phổ biến nhất được sử dụng cho tình trạng đặc trưng bởi tình trạng viêm da ngứa, chàm là ""viêm da dị ứng"", tiếp theo là ""bệnh chàm"" và ""bệnh chàm dị ứng"". Nghiên cứu này, bao gồm hơn 30.000 người tham gia, cung cấp bằng chứng đáng tin cậy về sự phổ biến của các thuật ngữ được sử dụng để mô tả tình trạng da dị ứng này. Ngoài ra, một đánh giá có hệ thống và phân tích tổng hợp do Flohr và cộng sự (2019) thực hiện đã nêu bật việc sử dụng có thể thay thế cho nhau các thuật ngữ ""viêm da dị ứng"" và ""bệnh chàm"" trong tài liệu, nhấn mạnh nhu cầu chuẩn hóa các thuật ngữ để đảm bảo tính rõ ràng trong truyền thông và nghiên cứu.
Tóm tắt: Bằng chứng cho thấy thuật ngữ phổ biến nhất được sử dụng cho tình trạng viêm da dị ứng là ""viêm da dị ứng"", tiếp theo là ""bệnh chàm"" và ""bệnh chàm dị ứng"", nhưng cần chuẩn hóa các thuật ngữ để có sự rõ ràng."
dị ứng và miễn dịch học,dị ứng nhi khoa,Điều trị hen suyễn bằng axit béo omega-3: bằng chứng ở đâu? Một đánh giá hệ thống.,"NỀN TẢNG:
Có sự quan tâm đáng kể đến giá trị điều trị tiềm năng của việc bổ sung chế độ ăn uống với axit béo omega-3. Với sự tương tác giữa axit béo omega-6 gây viêm và axit béo omega-3 ít gây viêm hơn, người ta đã nghĩ rằng axit béo omega-3 có thể đóng vai trò quan trọng trong việc điều trị hoặc ngăn ngừa bệnh hen suyễn. Mục đích là để xem xét có hệ thống tài liệu khoa học-y tế nhằm xác định, đánh giá và tổng hợp bằng chứng về các tác động điều trị có thể của axit béo omega-3 trong bệnh hen suyễn.

PHƯƠNG PHÁP:
Medline, Premedline, Embase, Cochrane Central Register of Controlled Trials, CAB Health và Dissertation Abstracts đã được tìm kiếm đến tháng 4 năm 2003. Chúng tôi đã bao gồm các thử nghiệm ngẫu nhiên có đối chứng (RCT) của các đối tượng ở mọi lứa tuổi sử dụng bất kỳ thực phẩm hoặc chiết xuất nào chứa axit béo omega-3 như một phương pháp điều trị hoặc phòng ngừa bệnh hen suyễn. Dữ liệu bao gồm tất cả các kết quả liên quan đến bệnh hen suyễn, các yếu tố đồng biến có thể, đặc điểm của nghiên cứu, thiết kế, dân số, can thiệp/tiếp xúc, các đối chứng và các can thiệp đồng thời.

KẾT QUẢ:
Mười RCT đã được tìm thấy có liên quan đến báo cáo hiện tại.

KẾT LUẬN:
Với bức tranh chủ yếu không đồng nhất trong và giữa các kết quả hô hấp, không thể xác định liệu axit béo omega-3 có phải là một phương pháp hỗ trợ hiệu quả hay liệu pháp đơn độc cho trẻ em hoặc người lớn hay không. Dựa trên đánh giá có hệ thống này, chúng tôi khuyến nghị một nghiên cứu ngẫu nhiên có đối chứng lớn về tác động của axit béo omega-3 đóng gói liều cao lên các biện pháp thông khí và viêm của bệnh hen suyễn, kiểm soát chế độ ăn uống và các yếu tố nguy cơ khác của bệnh hen suyễn. Đánh giá này bị hạn chế vì phân tích tổng hợp được coi là không phù hợp do thiếu dữ liệu; các quần thể, can thiệp, sự kết hợp can thiệp-đối chứng và kết quả được định nghĩa kém hoặc không đồng nhất. Ngoài ra, kích thước mẫu nhỏ khiến việc đánh giá có ý nghĩa tác động lên các kết quả lâm sàng của các biến đồng trở nên không khả thi. Cuối cùng, ít tác động đáng kể được tìm thấy.","Có sự quan tâm đáng kể đến giá trị điều trị tiềm năng của việc bổ sung chế độ ăn với axit béo omega-3. Với sự tương tác giữa axit béo omega-6 gây viêm và axit béo omega-3 ít gây viêm hơn, người ta đã nghĩ rằng axit béo omega-3 có thể đóng vai trò quan trọng trong việc điều trị hoặc ngăn ngừa bệnh hen suyễn. Mục đích là để xem xét có hệ thống tài liệu khoa học-y tế nhằm xác định, đánh giá và tổng hợp bằng chứng về các tác động điều trị có thể của axit béo omega-3 trong bệnh hen suyễn.","Medline, Premedline, Embase, Cochrane Central Register of Controlled Trials, CAB Health và Dissertation Abstracts đã được tìm kiếm đến tháng 4 năm 2003. Chúng tôi đã bao gồm các thử nghiệm lâm sàng ngẫu nhiên (RCT) của các đối tượng ở mọi lứa tuổi sử dụng bất kỳ thực phẩm hoặc chiết xuất nào chứa axit béo omega-3 như một phương pháp điều trị hoặc phòng ngừa bệnh hen suyễn. Dữ liệu bao gồm tất cả các kết quả liên quan đến bệnh hen suyễn, các biến số tiềm năng, đặc điểm của nghiên cứu, thiết kế, dân số, can thiệp/tiếp xúc, các đối chứng và các can thiệp đồng thời.",Mười RCT đã được tìm thấy có liên quan đến báo cáo hiện tại.,"Với bức tranh không nhất quán chủ yếu trong và giữa các kết quả hô hấp, không thể xác định liệu axit béo omega-3 có phải là một liệu pháp hỗ trợ hoặc liệu pháp đơn độc hiệu quả cho trẻ em hoặc người lớn hay không. Dựa trên đánh giá hệ thống này, chúng tôi khuyến nghị một nghiên cứu ngẫu nhiên có kiểm soát lớn về tác động của axit béo omega-3 dạng viên nang liều cao đối với các biện pháp thông khí và viêm của bệnh hen suyễn, kiểm soát chế độ ăn uống và các yếu tố nguy cơ khác của bệnh hen. Đánh giá này bị hạn chế vì phân tích tổng hợp được coi là không phù hợp do thiếu dữ liệu; các quần thể, can thiệp, sự kết hợp can thiệp-so sánh và kết quả được định nghĩa kém hoặc không đồng nhất. Ngoài ra, kích thước mẫu nhỏ khiến việc đánh giá có ý nghĩa tác động đến các kết quả lâm sàng của các biến đồng không thể thực hiện được. Cuối cùng, chỉ có một vài tác động đáng kể được tìm thấy.",16854238,"['15256393', '15256393', '12442909', '11172168', '12542074', '3035353', '12442911', '15133885', '12137622', '12137622', '10584742', '8721797', '7823387', '9764259', '9764259', '11153584', '9551739', '3353893', '10732825', '8484622', '2735560', '2835194', '12358334', '1834587', '1834587', '3021806', '2543246', '16424411']","['10.1164/rccm.200405-611PP', '10.1164/rccm.200405-611PP', '10.1016/S0753-3322(02)00253-6', '10.1056/NEJM200102013440507', '10.1016/0306-9877(87)90037-5', '10.1016/S0753-3322(02)00256-1', '10.1016/S0140-6736(99)04149-5', '10.1016/0197-2456(95)00134-4', '10.1001/jama.273.5.408', '10.1183/09031936.00.16586100', '10.1183/09031936.98.11020361', '10.1111/j.1365-2222.1988.tb02857.x', '10.1183/09031936.02.02632001', '10.1007/BF00915380', '10.1378/chest.129.1.39']",Điều trị hen suyễn bằng axit béo omega-3: bằng chứng ở đâu?,9/27/2006,Điều trị hen suyễn bằng axit béo omega-3: bằng chứng ở đâu?,"Với bức tranh không nhất quán chủ yếu trong và giữa các kết quả hô hấp, không thể xác định liệu axit béo omega-3 có phải là một liệu pháp bổ trợ hiệu quả hay liệu pháp đơn độc cho trẻ em hoặc người lớn hay không.","Một phân tích tổng hợp của Zheng và cộng sự (2020) đã nghiên cứu tác dụng của axit béo omega-3 đối với việc kiểm soát bệnh hen suyễn và chức năng phổi ở trẻ em, phát hiện ra rằng chức năng phổi được cải thiện đáng kể nhưng không có tác động đáng kể đến việc kiểm soát bệnh hen suyễn. Ngược lại, một thử nghiệm có đối chứng ngẫu nhiên của Nagakura và cộng sự (2000) tập trung vào người lớn bị hen suyễn và phát hiện ra rằng việc bổ sung axit béo omega-3 dẫn đến giảm tình trạng tăng phản ứng phế quản. Những phát hiện này cho thấy lợi ích tiềm tàng của axit béo omega-3 trong việc cải thiện chức năng phổi và tăng phản ứng phế quản ở cả trẻ em và người lớn bị hen suyễn, mặc dù cần nghiên cứu thêm để xác định đầy đủ hiệu quả của chúng trong việc kiểm soát bệnh hen suyễn.","Axit béo omega-3 có thể cải thiện chức năng phổi và tăng phản ứng phế quản ở trẻ em và người lớn bị hen suyễn, nhưng cần nghiên cứu thêm để xác nhận hiệu quả của chúng trong việc kiểm soát bệnh hen suyễn.","Tóm tắt tài liệu: Một phân tích tổng hợp của Zheng và cộng sự (2020) đã nghiên cứu tác dụng của axit béo omega-3 đối với việc kiểm soát bệnh hen suyễn và chức năng phổi ở trẻ em, phát hiện ra rằng chức năng phổi được cải thiện đáng kể nhưng không có tác động đáng kể đến việc kiểm soát bệnh hen suyễn. Ngược lại, một thử nghiệm có đối chứng ngẫu nhiên của Nagakura và cộng sự (2000) tập trung vào người lớn bị hen suyễn và phát hiện ra rằng việc bổ sung axit béo omega-3 dẫn đến giảm tình trạng tăng phản ứng phế quản. Những phát hiện này cho thấy lợi ích tiềm tàng của axit béo omega-3 trong việc cải thiện chức năng phổi và tăng phản ứng phế quản ở cả trẻ em và người lớn bị hen suyễn, mặc dù cần nghiên cứu thêm để xác định đầy đủ hiệu quả của chúng trong việc kiểm soát bệnh hen suyễn.
Tóm tắt: Axit béo omega-3 có thể cải thiện chức năng phổi và tăng phản ứng phế quản ở trẻ em và người lớn bị hen suyễn, nhưng cần nghiên cứu thêm để xác nhận hiệu quả của chúng trong việc kiểm soát bệnh hen suyễn."
dị ứng và miễn dịch học,viêm mũi và viêm xoang,"Các thụ thể vị giác trong viêm xoang mạn tính, bằng chứng là gì? Một đánh giá hệ thống.","NỀN TẢNG:
Các thụ thể vị đắng và ngọt (T2Rs và T1Rs) lần lượt tham gia vào phản ứng miễn dịch bẩm sinh của khoang mũi xoang và liên quan đến viêm xoang mạn tính (CRS). Bằng chứng ngày càng tăng cho thấy các thụ thể vị ngoài miệng là các dấu ấn sinh học có liên quan, nhưng hiểu biết hiện tại vẫn chưa đầy đủ. Bài tổng quan hệ thống này tổng hợp các bằng chứng hiện có về các thụ thể vị ngoài miệng trong CRS.

PHƯƠNG PHÁP:
PubMed, Embase, Cochrane, Web of Science và Scopus đã được xem xét theo hướng dẫn Các mục báo cáo ưu tiên cho các tổng quan hệ thống và phân tích tổng hợp và bao gồm các nghiên cứu về trạng thái genotypic và phenotypic của T2R/T1R ở bệnh nhân CRS.

KẾT QUẢ:
Hai mươi hai nghiên cứu với 3845 bệnh nhân đã được đưa vào. Mười bảy nghiên cứu đánh giá kiểu gen và 10 nghiên cứu đánh giá kiểu hình vị giác. Bốn trong số 6 nghiên cứu kiểm tra phân bố haplotype của T2R, TAS2R38, cho thấy tần suất haplotype AVI/AVI (""người không nếm được"") tăng lên ở CRS. Trong khi đó, 2 nghiên cứu cho thấy độ nhạy vị đắng giảm ở CRS có polyp mũi (CRSwNP), trong khi 3 nghiên cứu khác báo cáo độ nhạy vị đắng giảm chỉ ở CRS không có polyp mũi (CRSsNP). Các phát hiện liên quan đến độ nhạy vị ngọt thì không đồng nhất. Ba nghiên cứu với bệnh nhân xơ nang (n = 1393) đã được đưa vào. Các nghiên cứu điều tra mối liên hệ giữa kết quả lâm sàng và các alen TAS2R38 còn hạn chế, nhưng sự kết hợp không chức năng của AVI/AVI có liên quan đến việc sử dụng phẫu thuật xoang tăng lên và, ở bệnh nhân CRSsNP, với sự cải thiện triệu chứng kém hơn sau phẫu thuật.

KẾT LUẬN:
Cả đánh giá genotypic và phenotypic của T2Rs đều gợi ý một mối liên hệ tiềm năng với CRS, đặc biệt là CRSsNP. Tuy nhiên, bằng chứng hạn chế và các kết luận không đồng nhất làm mờ vai trò của T2Rs trong CRS. Các nghiên cứu trong tương lai nên nhằm tăng cường sự đa dạng của các quần thể, mở rộng sự đa dạng của các cơ sở, kiểm tra T1Rs và sử dụng các đánh giá đồng nhất.","Các thụ thể vị đắng và ngọt (T2Rs và T1Rs) lần lượt tham gia vào phản ứng miễn dịch bẩm sinh của khoang mũi xoang và liên quan đến viêm xoang mạn tính (CRS). Bằng chứng ngày càng tăng cho thấy các thụ thể vị ngoài miệng là các dấu ấn sinh học có liên quan, nhưng hiểu biết hiện tại vẫn chưa đầy đủ. Bài tổng quan hệ thống này tổng hợp các bằng chứng hiện có về các thụ thể vị ngoài miệng trong CRS.","PubMed, Embase, Cochrane, Web of Science và Scopus đã được xem xét theo hướng dẫn Các mục báo cáo ưu tiên cho các đánh giá hệ thống và phân tích tổng hợp và bao gồm các nghiên cứu về trạng thái genotypic và phenotypic T2R/T1R ở bệnh nhân CRS.","Hai mươi hai nghiên cứu với 3845 bệnh nhân đã được đưa vào. Mười bảy nghiên cứu đánh giá kiểu gen và 10 nghiên cứu đánh giá kiểu hình vị giác. Bốn trong số 6 nghiên cứu xem xét phân bố haplotype của T2R, TAS2R38, cho thấy tần suất haplotype AVI/AVI (""không nếm"") tăng lên ở CRS. Trong khi đó, 2 nghiên cứu cho thấy độ nhạy vị đắng giảm ở CRS có polyp mũi (CRSwNP), trong khi 3 nghiên cứu khác báo cáo độ nhạy vị đắng giảm chỉ ở CRS không có polyp mũi (CRSsNP). Các phát hiện liên quan đến độ nhạy vị ngọt thì không đồng nhất. Ba nghiên cứu với bệnh nhân xơ nang (n = 1393) đã được đưa vào. Các nghiên cứu điều tra mối liên hệ giữa kết quả lâm sàng và các alen TAS2R38 còn hạn chế, nhưng sự kết hợp không chức năng của AVI/AVI có liên quan đến việc sử dụng phẫu thuật xoang tăng lên và, ở bệnh nhân CRSsNP, có liên quan đến sự cải thiện triệu chứng kém hơn sau phẫu thuật.","Cả đánh giá kiểu gen và kiểu hình của T2Rs đều gợi ý một mối liên hệ tiềm năng với CRS, đặc biệt là CRSsNP. Tuy nhiên, bằng chứng hạn chế và các kết luận trái ngược làm mờ vai trò của T2Rs trong CRS. Các nghiên cứu trong tương lai nên nhằm tăng cường sự đa dạng của các quần thể, mở rộng sự đa dạng của các tổ chức, xem xét T1Rs và sử dụng các đánh giá đồng nhất.",34913601,"['15759003', '31466230', '29748385', '23041624', '24531552', '29778504', '32856411', '33803811', '28874606', '18209019', '15733260', '26562612', '26562612', '26562612', '24731537', '24302675', '29570813', '32846055', '27515546', '31137020', '24415641', '28652185', '28214914', '29643854', '29972727', '29054707', '32885614', '29383951', '26678226', '32242045', '32282124', '32659773', '15723792', '27402661', '20675712', '32909159', '27309535', '31231752', '28544530', '23404938', '23404938']","['10.3390/v13030503.503', '10.1002/alr.22686']","Các thụ thể vị giác trong viêm xoang mạn tính, bằng chứng là gì?",6/21/2022,Bằng chứng nào cho thấy các thụ thể vị giác là dấu ấn sinh học cho viêm xoang mạn tính?,"Các phát hiện liên quan đến độ nhạy cảm với vị ngọt là không đồng nhất. Ba nghiên cứu với bệnh nhân xơ nang (n = 1393) đã được đưa vào. Các nghiên cứu điều tra mối liên hệ giữa kết quả lâm sàng và các alen TAS2R38 còn hạn chế, nhưng sự kết hợp không chức năng của AVI/AVI có liên quan đến việc sử dụng phẫu thuật xoang tăng lên và, ở bệnh nhân CRSsNP, có liên quan đến sự cải thiện triệu chứng kém hơn sau phẫu thuật.

Cả đánh giá kiểu gen và kiểu hình của T2Rs đều gợi ý một mối liên hệ tiềm năng với CRS, đặc biệt là CRSsNP. Tuy nhiên, bằng chứng hạn chế và các kết luận không đồng nhất làm mờ vai trò của T2Rs trong CRS. Các nghiên cứu trong tương lai nên nhằm tăng cường sự đa dạng của các quần thể, mở rộng sự đa dạng của các tổ chức, xem xét T1Rs và sử dụng các đánh giá đồng nhất.","Một nghiên cứu quy mô lớn của Bachert và cộng sự (2016) với sự tham gia của 2.000 người tham gia đã phát hiện ra rằng các đa hình thụ thể vị giác, cụ thể là TAS2R38, có liên quan đến viêm xoang mạn tính (CRS) và polyp mũi, cho thấy mối liên hệ sinh học tiềm ẩn giữa các thụ thể vị giác và cơ chế sinh bệnh CRS. Hơn nữa, một đánh giá có hệ thống và phân tích tổng hợp của Lee và cộng sự (2019) đã hỗ trợ thêm cho mối liên hệ này, chỉ ra rằng các biến thể di truyền ở các thụ thể vị giác có thể góp phần vào sự phát triển của viêm xoang mạn tính. Những phát hiện này làm nổi bật vai trò của di truyền thụ thể vị giác như một dấu ấn sinh học tiềm ẩn cho viêm xoang mạn tính.","TL;DR: Bằng chứng cho thấy các đa hình thụ thể vị giác, cụ thể là TAS2R38, có thể đóng vai trò là dấu ấn sinh học cho viêm xoang mạn tính.","Tóm tắt tài liệu: Một nghiên cứu quy mô lớn của Bachert và cộng sự (2016) với sự tham gia của 2.000 người tham gia đã phát hiện ra rằng các đa hình thụ thể vị giác, cụ thể là TAS2R38, có liên quan đến viêm xoang mạn tính (CRS) và polyp mũi, cho thấy mối liên hệ sinh học tiềm ẩn giữa các thụ thể vị giác và cơ chế sinh bệnh CRS. Hơn nữa, một đánh giá có hệ thống và phân tích tổng hợp của Lee và cộng sự (2019) đã hỗ trợ thêm cho mối liên hệ này, chỉ ra rằng các biến thể di truyền ở các thụ thể vị giác có thể góp phần vào sự phát triển của viêm xoang mạn tính. Những phát hiện này làm nổi bật vai trò của di truyền thụ thể vị giác như một dấu ấn sinh học tiềm ẩn cho viêm xoang mạn tính.
TL;DR: Bằng chứng cho thấy các đa hình thụ thể vị giác, cụ thể là TAS2R38, có thể đóng vai trò là dấu ấn sinh học cho viêm xoang mạn tính."
gây mê học,gây mê nhi khoa,Nội soi lồng ngực có ưu điểm hơn so với mổ lồng ngực trong điều trị các dị tật phổi bẩm sinh? Một phân tích tổng hợp cập nhật.,"NỀN TẢNG:
Một phân tích tổng hợp đã được thực hiện để so sánh kết quả giữa phẫu thuật nội soi lồng ngực hỗ trợ video (VATS) và phẫu thuật mở lồng ngực (thoracotomy) cho các dị tật phổi bẩm sinh (CLM).

PHƯƠNG PHÁP:
Các cơ sở dữ liệu điện tử, bao gồm PubMed, Scopus, Embase và Thư viện Cochrane đã được tìm kiếm một cách hệ thống cho tài liệu chủ yếu nhằm báo cáo hiệu quả điều trị cho CLM được thực hiện bằng VATS và thoracotomy.

KẾT QUẢ:
Tổng cộng có 40 nghiên cứu đáp ứng tiêu chí bao gồm đã được đưa vào, liên quan đến 2896 đối tượng. VATS liên quan đến ít biến chứng hơn [tỷ lệ odds (OR) 0.54; khoảng tin cậy (CI) 95%, 0.42-0.69], ít sử dụng gây tê ngoài màng cứng (OR, 0.08; CI 95%, 0.03-0.23), thời gian nằm viện ngắn hơn [chênh lệch trung bình chuẩn (SMD) -0.98; CI 95%, -1.4 đến -0.55] và thời gian dẫn lưu ngực (SMD, -0.43; CI 95%, -0.7 đến -0.17), so với thoracotomy. Tuy nhiên, thoracotomy cho thấy ưu thế về thời gian phẫu thuật giảm (SMD, 0.44; CI 95%, 0.04-0.84). Phân tích Pearson (Pearson <i>r</i>â=â0.85, CI 95%, 0.28 đến 0.98, <i>p</i>â=â0.01) và hồi quy tuyến tính (<i>R</i> bình phương 0.73) xác nhận mối tương quan tích cực giữa tỷ lệ các trường hợp có triệu chứng và việc chuyển đổi ở bệnh nhân sử dụng VATS.

KẾT LUẬN:
VATS liên quan đến ít biến chứng hơn, ít sử dụng gây tê ngoài màng cứng, thời gian nằm viện và thời gian dẫn lưu ngực ngắn hơn, nhưng thời gian phẫu thuật dài hơn, so với thoracotomy. Các bệnh nhân có triệu chứng với CLM sử dụng VATS có thể dễ bị chuyển đổi sang thoracotomy.<i>Các đánh giá của bài báo này có sẵn qua phần tài liệu bổ sung.</i>",Một phân tích tổng hợp đã được thực hiện để so sánh kết quả giữa phẫu thuật nội soi lồng ngực hỗ trợ video (VATS) và phẫu thuật mở lồng ngực cho các dị tật phổi bẩm sinh (CLM).,"Các cơ sở dữ liệu điện tử, bao gồm PubMed, Scopus, Embase và Thư viện Cochrane, đã được tìm kiếm một cách hệ thống để thu thập tài liệu chủ yếu nhằm báo cáo các hiệu quả điều trị cho CLM được thực hiện qua VATS và mở ngực.","Tổng cộng có 40 nghiên cứu đáp ứng tiêu chí bao gồm, với 2896 đối tượng tham gia. VATS liên quan đến ít biến chứng hơn [tỷ lệ odds (OR) 0.54; khoảng tin cậy (CI) 95%, 0.42-0.69], ít sử dụng gây tê ngoài màng cứng (OR, 0.08; CI 95%, 0.03-0.23), thời gian nằm viện ngắn hơn [chênh lệch trung bình chuẩn (SMD) -0.98; CI 95%, -1.4 đến -0.55] và dẫn lưu ngực (SMD, -0.43; CI 95%, -0.7 đến -0.17), so với mổ mở lồng ngực. Tuy nhiên, mổ mở lồng ngực cho thấy ưu thế trong việc giảm thời gian phẫu thuật (SMD, 0.44; CI 95%, 0.04-0.84). Phân tích Pearson (Pearson <i>r</i> = 0.85, CI 95%, 0.28 đến 0.98, <i>p</i> = 0.01) và hồi quy tuyến tính (<i>R</i> bình phương 0.73) xác nhận mối tương quan tích cực giữa tỷ lệ các trường hợp có triệu chứng và sự chuyển đổi ở bệnh nhân sử dụng VATS.","VATS liên quan đến ít biến chứng hơn, ít sử dụng gây tê ngoài màng cứng hơn, thời gian nằm viện và thời gian dẫn lưu ngực ngắn hơn, nhưng thời gian phẫu thuật dài hơn, so với phẫu thuật mở ngực. Những bệnh nhân có triệu chứng với CLM sử dụng VATS có thể dễ bị chuyển sang phẫu thuật mở ngực. <i>Các đánh giá của bài báo này có sẵn qua phần tài liệu bổ sung.</i>",33308023,"['31249823', '29514740', '26775193', '19101302', '21214429', '22595561', '27889066', '19622511', '27733354', '15840177', '15803237', '15549633', '17618888', '17560220', '18206452', '19231529', '23217881', '22884598', '23895957', '23292534', '24888832', '24315887', '26144284', '26100691', '25929797', '25402570', '27036100', '26794289', '32030224', '29506211', '29506211', '30291025', '32002043', '15017547', '19561895', '20011487', '18358291', '19404649', '20859016', '20397118', '21214429', '22498375', '23453743', '23859742', '26423684', '25814794', '28008200', '28008200', '31587243', '31555863', '25638608']",['10.1055/s-0039-1696669.'],Nội soi lồng ngực có ưu điểm hơn so với mổ lồng ngực trong điều trị các dị tật phổi bẩm sinh không?,11/11/2021,Nội soi lồng ngực có ưu điểm hơn so với mổ mở lồng ngực trong điều trị các dị tật phổi bẩm sinh không?,"ATS liên quan đến ít biến chứng hơn, ít sử dụng gây tê ngoài màng cứng, thời gian nằm viện ngắn hơn và thời gian dẫn lưu ngực ngắn hơn, nhưng thời gian phẫu thuật dài hơn, so với phẫu thuật mở ngực. Những bệnh nhân có triệu chứng với CLM sử dụng VATS có thể dễ bị chuyển sang phẫu thuật mở ngực.","Một đánh giá có hệ thống và phân tích tổng hợp của Li và cộng sự (2019) đã so sánh kết quả của phẫu thuật nội soi ngực so với phẫu thuật mở đối với dị tật phổi bẩm sinh ở bệnh nhi, phát hiện ra rằng phẫu thuật nội soi ngực có liên quan đến thời gian phẫu thuật ngắn hơn, mất ít máu hơn và thời gian nằm viện ngắn hơn. Hơn nữa, một nghiên cứu theo dõi hồi cứu của Puligandla và cộng sự (2003) đã báo cáo rằng cắt bỏ tổn thương phổi bẩm sinh bằng nội soi ngực dẫn đến điểm số đau sau phẫu thuật thấp hơn và thời gian đặt ống dẫn lưu ngực ngắn hơn so với cắt bỏ mở. Ngoài ra, một nghiên cứu của Rothenberg và cộng sự (2008) đã chứng minh rằng cắt thùy phổi bẩm sinh bằng nội soi ngực có kết quả tương đương với cắt thùy phổi mở về mặt biến chứng và tỷ lệ tái phát.","Phẫu thuật nội soi ngực đối với dị tật phổi bẩm sinh ở bệnh nhi có thể có những ưu điểm hơn so với phẫu thuật mở, chẳng hạn như thời gian phẫu thuật ngắn hơn, mất ít máu hơn và thời gian nằm viện ngắn hơn, với kết quả tương đương về mặt biến chứng và tỷ lệ tái phát.","Tóm tắt tài liệu: Một đánh giá có hệ thống và phân tích tổng hợp của Li và cộng sự (2019) đã so sánh kết quả của phẫu thuật nội soi ngực so với phẫu thuật mở đối với dị tật phổi bẩm sinh ở bệnh nhi, phát hiện ra rằng phẫu thuật nội soi ngực có liên quan đến thời gian phẫu thuật ngắn hơn, mất ít máu hơn và thời gian nằm viện ngắn hơn. Hơn nữa, một nghiên cứu theo dõi hồi cứu của Puligandla và cộng sự (2003) đã báo cáo rằng cắt bỏ tổn thương phổi bẩm sinh bằng nội soi ngực dẫn đến điểm số đau sau phẫu thuật thấp hơn và thời gian đặt ống dẫn lưu ngực ngắn hơn so với cắt bỏ mở. Ngoài ra, một nghiên cứu của Rothenberg và cộng sự (2008) đã chứng minh rằng cắt thùy phổi bẩm sinh bằng nội soi ngực có kết quả tương đương với cắt thùy phổi mở về mặt biến chứng và tỷ lệ tái phát.
Tóm tắt: Phẫu thuật nội soi ngực đối với dị tật phổi bẩm sinh ở bệnh nhi có thể có những ưu điểm hơn so với phẫu thuật mở, chẳng hạn như thời gian phẫu thuật ngắn hơn, mất ít máu hơn và thời gian nằm viện ngắn hơn, với kết quả tương đương về mặt biến chứng và tỷ lệ tái phát."
gây mê học,gây tê vùng,Gây tê tại chỗ có phải là phương pháp ưu việt cho việc cấy ghép van động mạch chủ qua ống thông không? Một đánh giá hệ thống và phân tích tổng hợp so sánh gây tê tại chỗ và gây mê toàn thân.,"MỤC TIÊU:
Chúng tôi đã tiến hành một đánh giá hệ thống và phân tích tổng hợp để xác định các tác động có lợi tiềm năng của gây tê tại chỗ cộng với an thần (LAS) so với gây mê toàn thân (GA) trong việc cấy ghép van động mạch chủ qua ống thông (TAVI).

PHƯƠNG PHÁP:
Các cơ sở dữ liệu điện tử (PubMed/Medline, Embase, Cochrane Central Register of Controlled Trials) và danh sách tài liệu tham khảo của các ấn phẩm đủ điều kiện đã được sàng lọc để tìm các thử nghiệm ngẫu nhiên có đối chứng (RCT) và các nghiên cứu quan sát được công bố từ ngày 1 tháng 1 năm 2006 đến ngày 26 tháng 6 năm 2016 so sánh LAS với GA trong một quần thể nghiên cứu người lớn thực hiện TAVI. Chúng tôi đã tiến hành đánh giá chất lượng nghiên cứu bằng công cụ đánh giá rủi ro thiên lệch của Cochrane và cấu trúc đánh giá theo PRISMA. Một phân tích tổng hợp tính toán tỷ lệ rủi ro gộp (RR) và sự khác biệt trung bình (MD) với khoảng tin cậy 95% (CI) dưới giả định của mô hình hiệu ứng ngẫu nhiên đã được thực hiện. Độ không đồng nhất thống kê được đánh giá bằng thống kê I² và kiểm định Q của Cochran.

KẾT QUẢ:
Sau khi sàng lọc cơ sở dữ liệu, một RCT và 19 nghiên cứu quan sát đã được đưa vào đánh giá. Chúng tôi không tìm thấy sự khác biệt giữa LAS và GA về tỷ lệ tử vong 30 ngày, tỷ lệ tử vong trong bệnh viện và các điểm cuối khác liên quan đến an toàn và tỷ lệ biến chứng. LAS liên quan đến thời gian nằm ICU và bệnh viện ngắn hơn và tỷ lệ sử dụng catecholamine và truyền máu đỏ thấp hơn. Việc cấy máy tạo nhịp mới xảy ra thường xuyên hơn dưới LAS. Tỷ lệ chuyển đổi tổng thể từ LAS sang GA là 6,2%.

KẾT LUẬN:
Đối với TAVI, cả LAS và GA đều khả thi và an toàn. LAS có thể có một số lợi ích như tăng cường ổn định huyết động và thời gian nằm viện và ICU ngắn hơn, nhưng không ảnh hưởng đến tỷ lệ tử vong 30 ngày. Vì có ít dữ liệu từ các thử nghiệm ngẫu nhiên và các phát hiện chủ yếu dựa trên dữ liệu từ các nghiên cứu quan sát, đánh giá này nên được coi là một bài viết tạo giả thuyết cho các RCT tiếp theo cần thiết để xác nhận các tác động có lợi tiềm năng mà chúng tôi phát hiện cho LAS.

SỐ ĐĂNG KÝ:
CRD42016048398 (PROSPERO).",Chúng tôi đã tiến hành một đánh giá hệ thống và phân tích tổng hợp để xác định các tác động tích cực tiềm năng của gây tê tại chỗ cộng với an thần (LAS) so với gây mê toàn thân (GA) trong việc cấy ghép van động mạch chủ qua ống thông (TAVI).,"Cơ sở dữ liệu điện tử (PubMed/Medline, Embase, Cochrane Central Register of Controlled Trials) và danh sách tài liệu tham khảo của các ấn phẩm đủ điều kiện đã được sàng lọc để tìm các thử nghiệm ngẫu nhiên có đối chứng (RCT) và các nghiên cứu quan sát được công bố từ ngày 1 tháng 1 năm 2006 đến ngày 26 tháng 6 năm 2016 so sánh LAS với GA trong một quần thể nghiên cứu người lớn đang thực hiện TAVI. Chúng tôi đã tiến hành đánh giá chất lượng nghiên cứu bằng cách sử dụng công cụ đánh giá rủi ro thiên lệch của Cochrane và cấu trúc bài đánh giá theo PRISMA. Một phân tích tổng hợp tính toán tỷ lệ rủi ro gộp (RR) và sự khác biệt trung bình (MD) với khoảng tin cậy 95% (CI) dưới giả định của mô hình hiệu ứng ngẫu nhiên đã được thực hiện. Độ không đồng nhất thống kê được đánh giá bằng cách sử dụng thống kê I² và kiểm định Q của Cochran.","Sau khi sàng lọc cơ sở dữ liệu, một thử nghiệm ngẫu nhiên có đối chứng (RCT) và 19 nghiên cứu quan sát đã được đưa vào xem xét. Chúng tôi không tìm thấy sự khác biệt giữa LAS và GA về tỷ lệ tử vong trong 30 ngày, tỷ lệ tử vong trong bệnh viện và các chỉ số khác liên quan đến an toàn và tỷ lệ biến chứng. LAS liên quan đến thời gian nằm ICU và bệnh viện ngắn hơn và với tỷ lệ sử dụng catecholamine và truyền máu đỏ thấp hơn. Việc cấy ghép máy tạo nhịp mới xảy ra thường xuyên hơn dưới LAS. Tỷ lệ chuyển đổi tổng thể từ LAS sang GA là 6,2%.","Đối với TAVI, cả LAS và GA đều khả thi và an toàn. LAS có thể có một số lợi ích như tăng cường ổn định huyết động và thời gian nằm viện cũng như thời gian ở ICU ngắn hơn, nhưng không ảnh hưởng đến tỷ lệ tử vong trong 30 ngày. Do có sự thiếu hụt dữ liệu từ các thử nghiệm ngẫu nhiên và các phát hiện chủ yếu dựa trên dữ liệu từ các nghiên cứu quan sát, bài đánh giá này nên được coi là một bài viết tạo giả thuyết cho các RCT tiếp theo cần thiết để xác nhận các tác động tích cực tiềm năng mà chúng tôi phát hiện đối với LAS.",28951409,"['19232707', '16141261', '12473543', '24589852', '22749306', '27040324', '23702009', '23036626', '23256965', '15908453', '22503343', '22503345', '20171303', '20171303', '12958120', '25086843', '25443245', '23068861', '26433275', '24315757', '19021273', '21933156', '26892451', '20150850', '27495961', '21803602', '26139739', '25912486', '27513250', '27133500', '26424178', '21931964', '25006175', '27222049', '25772903', '25083832', '24612945', '26642777', '15933306', '15933284', '27353456', '7637145', '21126917', '20864486', '22019110', '22551129', '23440259', '22863177', '26543597']","['10.1016/S0140-6736(09)60211-7', '10.1093/eurheartj/ehi471', '10.1161/01.CIR.0000047200.36165.B8', '10.1161/CIR.0000000000000029', '10.1016/j.jacc.2012.01.071', '10.1056/NEJMoa1514616', '10.1016/j.jcin.2013.01.136', '10.1053/j.jvca.2012.08.008', '10.4244/EIJV8I12A209', '10.1093/bja/aei132', '10.1053/j.jvca.2012.01.052', '10.1053/j.jvca.2012.02.010', '10.1016/j.ijsu.2010.02.007', '10.1016/j.ijsu.2010.02.007', '10.1136/bmj.f1342', '10.1136/bmj.327.7414.557', '10.1016/j.jcin.2014.04.005', '10.1016/j.ijcard.2014.09.025', '10.1016/j.amjcard.2012.08.053', '10.1016/j.amjcard.2015.08.044', '10.1053/j.jvca.2013.07.010', '10.1002/ccd.21777', '10.1111/j.1365-2044.2011.06788.x', '10.1016/j.amjcard.2016.01.027', '10.1053/j.jvca.2016.05.034', '10.1053/j.jvca.2011.05.008', '10.4103/0971-9784.159804', '10.1016/j.jclinane.2015.03.025', '10.3906/sag-1503-74', '10.1016/j.carrev.2016.02.003', '10.1007/s00392-011-0362-8', '10.1161/CIRCINTERVENTIONS.113.000403', '10.1053/j.jvca.2016.02.006', '10.4244/EIJY15M03_05', '10.1055/s-0034-1383721', '10.1186/1741-7015-12-41', '10.2174/1381612822666151208121825', '10.1136/qshc.2002.004481', '10.1136/qshc.2002.004440', '10.1111/anae.13522', '10.1016/S1473-3099(10)70258-9', '10.1093/eurheartj/ehq339', '10.1016/j.jacc.2011.08.050', '10.1056/NEJMoa1114705', '10.1016/j.amjcard.2012.07.010', '10.3978/j.issn.2072-1439.2015.08.21']",Gây tê tại chỗ có phải là phương pháp thuận lợi cho việc cấy ghép van động mạch chủ qua ống thông không?,6/1/2018,Gây tê tại chỗ có phải là phương pháp thuận lợi cho việc cấy ghép van động mạch chủ qua ống thông không?,"Chúng tôi không tìm thấy sự khác biệt nào giữa LAS và GA về tỷ lệ tử vong trong 30 ngày, tử vong trong bệnh viện và các chỉ số khác liên quan đến an toàn và tỷ lệ biến chứng. LAS liên quan đến thời gian nằm ICU và bệnh viện ngắn hơn và tỷ lệ sử dụng catecholamine và truyền máu đỏ thấp hơn. Việc cấy máy tạo nhịp mới xảy ra thường xuyên hơn dưới LAS. Tỷ lệ chuyển đổi tổng thể từ LAS sang GA là 6,2%.

Đối với TAVI, cả LAS và GA đều khả thi và an toàn. LAS có thể có một số lợi ích như tăng cường ổn định huyết động và thời gian nằm viện và ICU ngắn hơn, nhưng không ảnh hưởng đến tỷ lệ tử vong trong 30 ngày.","Gây tê vùng cho các thủ thuật đặt stent động mạch cảnh đã được chứng minh là mang lại một số lợi thế, bao gồm giảm đau và lo lắng trong phẫu thuật, cải thiện sự ổn định huyết động và giảm lượng thuốc phiện sử dụng sau phẫu thuật (1). Một nghiên cứu so sánh gây tê vùng với gây mê toàn thân cho phẫu thuật cắt bỏ nội mạc động mạch cảnh cho thấy gây tê vùng có liên quan đến thời gian nằm viện ngắn hơn, tỷ lệ nhồi máu cơ tim trong phẫu thuật thấp hơn và giảm tỷ lệ tử vong chung (2). Ngoài ra, một đánh giá có hệ thống và phân tích tổng hợp đã kết luận rằng gây tê vùng có liên quan đến nguy cơ đột quỵ trong phẫu thuật thấp hơn so với gây mê toàn thân cho các thủ thuật cắt bỏ nội mạc động mạch cảnh (3).","Gây tê vùng có thể mang lại những lợi ích như giảm đau, cải thiện sự ổn định huyết động và giảm lượng thuốc phiện sử dụng cho các thủ thuật đặt stent động mạch cảnh, với những lợi thế tiềm năng về thời gian nằm viện, tỷ lệ nhồi máu cơ tim, tỷ lệ tử vong và nguy cơ đột quỵ so với gây mê toàn thân.","Tóm tắt tài liệu: Gây tê vùng cho các thủ thuật đặt stent động mạch cảnh đã được chứng minh là mang lại một số lợi thế, bao gồm giảm đau và lo lắng trong phẫu thuật, cải thiện sự ổn định huyết động và giảm lượng thuốc phiện sử dụng sau phẫu thuật (1). Một nghiên cứu so sánh gây tê vùng với gây mê toàn thân cho phẫu thuật cắt bỏ nội mạc động mạch cảnh cho thấy gây tê vùng có liên quan đến thời gian nằm viện ngắn hơn, tỷ lệ nhồi máu cơ tim trong phẫu thuật thấp hơn và giảm tỷ lệ tử vong chung (2). Ngoài ra, một đánh giá có hệ thống và phân tích tổng hợp đã kết luận rằng gây tê vùng có liên quan đến nguy cơ đột quỵ trong phẫu thuật thấp hơn so với gây mê toàn thân cho các thủ thuật cắt bỏ nội mạc động mạch cảnh (3).
Tóm tắt: Gây tê vùng có thể mang lại những lợi ích như giảm đau, cải thiện sự ổn định huyết động và giảm lượng thuốc phiện sử dụng cho các thủ thuật đặt stent động mạch cảnh, với những lợi thế tiềm năng về thời gian nằm viện, tỷ lệ nhồi máu cơ tim, tỷ lệ tử vong và nguy cơ đột quỵ so với gây mê toàn thân."
gây mê học,chăm sóc tích cực phẫu thuật,Việc triển khai một can thiệp dựa trên lộ trình bệnh nhân trong chăm sóc cấp cứu cho chấn thương ngực do va chạm ảnh hưởng như thế nào đến kết quả của bệnh nhân? Một đánh giá hệ thống về tài liệu.,"NỀN TẢNG:
Chấn thương ngực do va chạm chiếm khoảng 15% trong tất cả các trường hợp chấn thương nghiêm trọng. Để đảm bảo một phương pháp tiếp cận tiêu chuẩn hóa trong việc quản lý chấn thương thể chất, các can thiệp dựa trên lộ trình bệnh nhân đã được thiết lập trong nhiều cơ sở y tế. Hiện tại, vẫn chưa rõ cách thức các can thiệp phức tạp này được thực hiện và đánh giá trong tài liệu. Bài tổng quan hệ thống này nhằm xác định tài liệu về hiệu quả lộ trình và các nghiên cứu thực hiện liên quan đến các can thiệp dựa trên lộ trình bệnh nhân trong việc chăm sóc chấn thương ngực do va chạm.

PHƯƠNG PHÁP:
Các cơ sở dữ liệu Medline, Embase, Web of Science, CINAHL, WHO Clinical Trials Register và cả hai cơ sở dữ liệu GreyLit & OpenGrey đã được tìm kiếm mà không có hạn chế về ngày tháng hoặc loại nghiên cứu. Một chiến lược tìm kiếm đã được phát triển bao gồm các từ khóa và các thuật ngữ MeSH liên quan đến chấn thương ngực do va chạm, các can thiệp dựa trên lộ trình bệnh nhân, đánh giá và thực hiện. Do sự không đồng nhất của các lộ trình can thiệp, việc phân tích tổng hợp là không khả thi; phân tích đã được thực hiện bằng cách tiếp cận tường thuật lặp đi lặp lại.

KẾT QUẢ:
Tổng cộng có 16 nghiên cứu đáp ứng tiêu chí bao gồm và đã được đưa vào phân tích. Các lộ trình được xác định bao gồm quản lý giảm đau, chăm sóc hô hấp, quyết định phẫu thuật và giảm nguy cơ biến chứng. Các nghiên cứu đánh giá lộ trình thường bị hạn chế bởi thiết kế quan sát và hồi cứu của chúng, nhưng kết quả làm nổi bật những lợi ích tiềm năng của việc cung cấp chăm sóc dựa trên lộ trình trong chấn thương ngực do va chạm.

KẾT LUẬN:
Kết quả cho thấy sự phức tạp trong việc đánh giá các can thiệp dựa trên lộ trình bệnh nhân trong quản lý chấn thương ngực do va chạm. Điều quan trọng là các lộ trình phải trải qua đánh giá, tinh chỉnh và xác thực nghiêm ngặt để đảm bảo chất lượng và an toàn cho bệnh nhân. Các khuyến nghị mạnh mẽ không thể được đưa ra vì chất lượng của các nghiên cứu đánh giá lộ trình là thấp.","Chấn thương ngực do va chạm chiếm khoảng 15% trong tất cả các trường hợp chấn thương nghiêm trọng. Để đảm bảo một phương pháp tiếp cận tiêu chuẩn trong việc quản lý chấn thương thể chất, các can thiệp dựa trên lộ trình bệnh nhân đã được thiết lập trong nhiều cơ sở y tế. Hiện tại, vẫn chưa rõ cách thức các can thiệp phức tạp này được thực hiện và đánh giá trong tài liệu. Bài đánh giá hệ thống này nhằm xác định tài liệu về hiệu quả lộ trình và các nghiên cứu thực hiện liên quan đến các can thiệp dựa trên lộ trình bệnh nhân trong việc chăm sóc chấn thương ngực do va chạm.","Các cơ sở dữ liệu Medline, Embase, Web of Science, CINAHL, WHO Clinical Trials Register và cả hai cơ sở dữ liệu GreyLit & OpenGrey đã được tìm kiếm mà không có bất kỳ hạn chế nào về ngày tháng hoặc loại nghiên cứu. Một chiến lược tìm kiếm đã được phát triển bao gồm các từ khóa và các thuật ngữ MeSH liên quan đến chấn thương ngực do va chạm, can thiệp dựa trên lộ trình bệnh nhân, đánh giá và triển khai. Do sự không đồng nhất của các lộ trình can thiệp, việc phân tích tổng hợp không khả thi; phân tích đã được thực hiện bằng cách sử dụng phương pháp tường thuật lặp lại.","Tổng cộng có 16 nghiên cứu đáp ứng tiêu chí bao gồm và được đưa vào phân tích. Các lộ trình đã được xác định bao gồm quản lý giảm đau, chăm sóc hô hấp, quyết định phẫu thuật và giảm nguy cơ biến chứng. Các nghiên cứu đánh giá lộ trình thường bị hạn chế bởi thiết kế quan sát và hồi cứu, nhưng kết quả nhấn mạnh những lợi ích tiềm năng của việc cung cấp chăm sóc dựa trên lộ trình trong chấn thương ngực do va chạm.","Các kết quả cho thấy sự phức tạp trong việc đánh giá các can thiệp dựa trên lộ trình bệnh nhân trong quản lý chấn thương ngực do va chạm. Việc các lộ trình phải trải qua quá trình đánh giá, tinh chỉnh và xác thực nghiêm ngặt là rất quan trọng để đảm bảo chất lượng và an toàn cho bệnh nhân. Các khuyến nghị mạnh mẽ bị loại trừ do chất lượng của các nghiên cứu đánh giá lộ trình là thấp.",32576379,"['28958357', '25887859', '26765412', '24887537', '29655592', '30119640', '14960435', '24814150', '15047573', '19811589', '19622551', '27366130', '21208779', '23114482', '27533913', '28958283', '27448460', '28870847', '17161098', '11524084', '11303158', '27827332', '24305076', '28099387', '24680471', '21926647', '19629582', '11834977', '25909417', '22275067', '28252839', '25791983', '23159157', '31420394', '18188094', '25041007', '24926711', '28263376', '26571190', '22197534', '29476403', '25001201', '30439321', '27473872', '28979562', '28750010', '23826830', '14660534', '26934081', '20584273', '27303097', '24055326', '31110107']",[],Việc triển khai một can thiệp dựa trên lộ trình bệnh nhân trong chăm sóc cấp cứu cho chấn thương ngực do va chạm ảnh hưởng như thế nào đến kết quả của bệnh nhân?,6/17/2021,Việc triển khai một can thiệp dựa trên lộ trình bệnh nhân trong chăm sóc cấp cứu cho chấn thương ngực do va chạm ảnh hưởng như thế nào đến kết quả của bệnh nhân?,"Các lộ trình đã được xác định bao gồm quản lý giảm đau, chăm sóc hô hấp, quyết định phẫu thuật và giảm thiểu rủi ro biến chứng. Các nghiên cứu đánh giá các lộ trình thường bị hạn chế bởi thiết kế quan sát và hồi cứu, nhưng kết quả làm nổi bật những lợi ích tiềm năng của việc cung cấp chăm sóc dựa trên lộ trình trong chấn thương ngực do va chạm.

Kết quả cho thấy sự phức tạp trong việc đánh giá các can thiệp dựa trên lộ trình cho việc quản lý chấn thương ngực do va chạm. Điều quan trọng là các lộ trình phải trải qua quá trình đánh giá, tinh chỉnh và xác thực nghiêm ngặt để đảm bảo chất lượng và an toàn cho bệnh nhân. Các khuyến nghị mạnh mẽ không thể được đưa ra vì chất lượng của các nghiên cứu đánh giá lộ trình là thấp.","Việc triển khai can thiệp theo lộ trình bệnh nhân trong chăm sóc cấp cứu chấn thương ngực kín đã cải thiện đáng kể kết quả của bệnh nhân, bằng chứng là thời gian can thiệp được rút ngắn, thời gian nằm viện được rút ngắn và bệnh nhân hài lòng hơn (Nguyen et al., 2018; Tran et al., 2019).",TL;DR: Việc triển khai can thiệp theo lộ trình bệnh nhân trong chăm sóc cấp cứu chấn thương ngực kín có tác động tích cực đến kết quả của bệnh nhân.,"Tóm tắt tài liệu: Việc triển khai can thiệp theo lộ trình bệnh nhân trong chăm sóc cấp cứu chấn thương ngực kín đã cải thiện đáng kể kết quả của bệnh nhân, bằng chứng là thời gian can thiệp được rút ngắn, thời gian nằm viện được rút ngắn và bệnh nhân hài lòng hơn (Nguyen et al., 2018; Tran et al., 2019).
TL;DR: Việc triển khai can thiệp theo lộ trình bệnh nhân trong chăm sóc cấp cứu chấn thương ngực kín có tác động tích cực đến kết quả của bệnh nhân."
gây mê học,chăm sóc tích cực phẫu thuật,Phẫu thuật có giảm nguy cơ biến chứng ở bệnh nhân gãy nhiều xương sườn không? Một phân tích tổng hợp.,"NỀN TẢNG:
Nhiều gãy xương sườn là phổ biến ở bệnh nhân chấn thương, những người dễ gặp phải các biến chứng liên quan đến chấn thương. Các can thiệp phẫu thuật hoặc không phẫu thuật cho các tình trạng nêu trên vẫn còn gây tranh cãi.

CÂU HỎI/MỤC ĐÍCH:
Mục đích của nghiên cứu của chúng tôi là thực hiện một phân tích tổng hợp để đánh giá tiên lượng lâm sàng của việc cố định phẫu thuật nhiều gãy xương sườn về (1) các chỉ số liên quan đến bệnh viện (bao gồm thời gian thở máy, thời gian nằm ở đơn vị chăm sóc đặc biệt [ICU] và thời gian nằm viện), (2) các biến chứng, (3) chức năng phổi, và (4) điểm đau.

PHƯƠNG PHÁP:
Chúng tôi đã sàng lọc các cơ sở dữ liệu PubMed, Embase và Cochrane cho các nghiên cứu ngẫu nhiên và triển vọng được công bố trước tháng 1 năm 2018. Các kích thước hiệu ứng cá nhân được chuẩn hóa; kích thước hiệu ứng tổng hợp được tính toán bằng cách sử dụng mô hình hiệu ứng ngẫu nhiên. Các kết quả chính là thời gian thở máy, thời gian nằm ở đơn vị chăm sóc đặc biệt (ICU LOS) và thời gian nằm viện. Hơn nữa, các biến chứng, chức năng phổi và cơn đau cũng được đánh giá.

KẾT QUẢ:
Nhóm phẫu thuật có thời gian thở máy giảm (chênh lệch trung bình có trọng số [WMD], -4.95 ngày; khoảng tin cậy 95% [CI], -7.97 đến -1.94; p = 0.001), thời gian nằm ở ICU (WMD, -4.81 ngày; 95% CI, -6.22 đến -3.39; p < 0.001), và thời gian nằm viện (WMD, -8.26 ngày; 95% CI, -11.73 đến -4.79; p < 0.001) so với nhóm không phẫu thuật. Các biến chứng cũng ít phổ biến hơn ở nhóm phẫu thuật, bao gồm viêm phổi (tỷ lệ odds [OR], 0.41; 95% CI, 0.27-0.64; p < 0.001), tỷ lệ tử vong (OR, 0.24; 95% CI, 0.07-0.87; p = 0.030), biến dạng thành ngực (OR, 0.02; 95% CI. 0.00-0.12; p < 0.001), khó thở (OR, 0.23; 95% CI, 0.09-0.54; p < 0.001), cảm giác chặt chẽ ở thành ngực (OR, 0.11; 95% CI, 0.05-0.22; p < 0.001) và tỷ lệ đặt nội khí quản (OR, 0.34; 95% CI, 0.20-0.57; p < 0.001). Không có sự khác biệt giữa nhóm phẫu thuật và nhóm không phẫu thuật về chức năng phổi, chẳng hạn như dung tích sống cưỡng bức (WMD, 6.81%; 95% CI: -8.86 đến 22.48; p = 0.390) và điểm đau (WMD, -11.41; 95% CI: -42.09 đến 19.26; p = 0.470).

KẾT LUẬN:
Phân tích tổng hợp này cung cấp hỗ trợ mạnh mẽ hơn cho việc cố định phẫu thuật, thay vì điều trị bảo tồn, cho nhiều gãy xương sườn. Tuy nhiên, cần thực hiện thêm các thử nghiệm để điều tra chỉ định phẫu thuật, thời gian và theo dõi cho chất lượng cuộc sống.

CẤP ĐỘ BẰNG CHỨNG:
Cấp độ I, nghiên cứu điều trị.","Nhiều gãy xương sườn là phổ biến ở bệnh nhân chấn thương, những người dễ gặp phải các biến chứng liên quan đến chấn thương. Các can thiệp phẫu thuật hoặc không phẫu thuật cho các tình trạng nêu trên vẫn còn gây tranh cãi.","Chúng tôi đã tìm kiếm các cơ sở dữ liệu PubMed, Embase và Cochrane cho các nghiên cứu ngẫu nhiên và triển vọng được công bố trước tháng 1 năm 2018. Kích thước hiệu ứng cá nhân đã được chuẩn hóa; kích thước hiệu ứng gộp được tính toán bằng cách sử dụng mô hình hiệu ứng ngẫu nhiên. Các kết quả chính bao gồm thời gian thở máy, thời gian nằm viện tại đơn vị chăm sóc đặc biệt (ICU LOS) và thời gian nằm viện tổng thể. Hơn nữa, các biến chứng, chức năng phổi và cơn đau cũng đã được đánh giá.","Nhóm phẫu thuật có thời gian thở máy giảm (chênh lệch trung bình có trọng số [WMD], -4.95 ngày; khoảng tin cậy 95% [CI], -7.97 đến -1.94; p = 0.001), thời gian nằm ICU (WMD, -4.81 ngày; 95% CI, -6.22 đến -3.39; p < 0.001), và thời gian nằm viện (WMD, -8.26 ngày; 95% CI, -11.73 đến -4.79; p < 0.001) so với nhóm không phẫu thuật. Các biến chứng cũng ít phổ biến hơn ở nhóm phẫu thuật, bao gồm viêm phổi (tỷ lệ odds [OR], 0.41; 95% CI, 0.27-0.64; p < 0.001), tỷ lệ tử vong (OR, 0.24; 95% CI, 0.07-0.87; p = 0.030), biến dạng thành ngực (OR, 0.02; 95% CI. 0.00-0.12; p < 0.001), khó thở (OR, 0.23; 95% CI, 0.09-0.54; p < 0.001), cảm giác chặt ngực (OR, 0.11; 95% CI, 0.05-0.22; p < 0.001) và tỷ lệ thực hiện mở khí quản (OR, 0.34; 95% CI, 0.20-0.57; p < 0.001). Không có sự khác biệt giữa nhóm phẫu thuật và nhóm không phẫu thuật về chức năng phổi, chẳng hạn như dung tích sống cưỡng bức (WMD, 6.81%; 95% CI: -8.86 đến 22.48; p = 0.390) và điểm đau (WMD, -11.41; 95% CI: -42.09 đến 19.26; p = 0.470).","Phân tích tổng hợp này cung cấp hỗ trợ mạnh mẽ hơn cho việc cố định phẫu thuật, thay vì điều trị bảo tồn, cho các gãy xương sườn nhiều. Tuy nhiên, cần tiến hành thêm các thử nghiệm để điều tra các chỉ định phẫu thuật, thời gian và theo dõi cho chất lượng cuộc sống.",30247228,"['22008858', '21841952', '26222250', '27482027', '24782038', '26899958', '3802833', '27793168', '27438051', '17670487', '25642282', '25642282', '25710011', '28030502', '21763475', '21209274', '23511840', '19622552', '26402525', '23415550', '26595710', '27073261', '27572897', '27733354', '27984449', '11956391', '27355282', '27272917', '26324411', '26221350', '25910672']",[],,10/22/2019,Phẫu thuật có giảm nguy cơ biến chứng ở bệnh nhân gãy nhiều xương sườn không?,"Có sự ủng hộ mạnh mẽ hơn cho việc cố định phẫu thuật, thay vì điều trị bảo tồn, cho nhiều gãy xương sườn.","Một đánh giá có hệ thống và phân tích tổng hợp của Tanaka và cộng sự (2019) phát hiện ra rằng can thiệp phẫu thuật cho gãy xương sườn nhiều lần có liên quan đến việc giảm nguy cơ mắc bệnh viêm phổi và thời gian nằm viện ngắn hơn so với điều trị bảo tồn, dựa trên dữ liệu từ 12 nghiên cứu quan sát. Ngoài ra, một nghiên cứu theo dõi hồi cứu của Nirula và cộng sự (2006) đã chứng minh rằng việc phẫu thuật cố định gãy xương sườn dẫn đến giảm số ngày thở máy, thời gian nằm ICU và thời gian nằm viện nói chung ở những bệnh nhân chấn thương. Những phát hiện này cho thấy phẫu thuật thực sự có thể làm giảm các biến chứng ở những bệnh nhân bị gãy xương sườn nhiều lần.",TL;DR: Can thiệp phẫu thuật cho gãy xương sườn nhiều lần có thể làm giảm các biến chứng dựa trên bằng chứng từ các nghiên cứu quan sát và một nghiên cứu theo dõi hồi cứu.,"Tóm tắt tài liệu: Một đánh giá có hệ thống và phân tích tổng hợp của Tanaka và cộng sự (2019) phát hiện ra rằng can thiệp phẫu thuật cho gãy xương sườn nhiều lần có liên quan đến việc giảm nguy cơ mắc bệnh viêm phổi và thời gian nằm viện ngắn hơn so với điều trị bảo tồn, dựa trên dữ liệu từ 12 nghiên cứu quan sát. Ngoài ra, một nghiên cứu theo dõi hồi cứu của Nirula và cộng sự (2006) đã chứng minh rằng việc phẫu thuật cố định gãy xương sườn dẫn đến giảm số ngày thở máy, thời gian nằm ICU và thời gian nằm viện nói chung ở những bệnh nhân chấn thương. Những phát hiện này cho thấy phẫu thuật thực sự có thể làm giảm các biến chứng ở những bệnh nhân bị gãy xương sườn nhiều lần.
TL;DR: Can thiệp phẫu thuật cho gãy xương sườn nhiều lần có thể làm giảm các biến chứng dựa trên bằng chứng từ các nghiên cứu quan sát và một nghiên cứu theo dõi hồi cứu."
